{
  "total_activities": 165,
  "total_distance": 730.0382999999999,
  "total_time": 413630,
  "avg_pace": 566.5867119574411,
  "best_pace": 205.5664626400277,
  "avg_heart_rate": 127.48787878787878,
  "streak": 1
}