{
  "total_activities": 388,
  "total_distance": 1501.1881999999996,
  "total_time": 928516,
  "avg_pace": 618.5207157903321,
  "best_pace": 205.5664626400277,
  "avg_heart_rate": 125.43887323943669,
  "streak": 1
}