{
  "total_activities": 559,
  "total_distance": 2119.6563999999985,
  "total_time": 1359834,
  "avg_pace": 641.5351091809035,
  "best_pace": 205.5664626400277,
  "avg_heart_rate": 123.88669201520925,
  "streak": 2
}