{
  "total_activities": 269,
  "total_distance": 1185.4980999999996,
  "total_time": 675053,
  "avg_pace": 569.4256279280416,
  "best_pace": 205.5664626400277,
  "avg_heart_rate": 126.68513011152406,
  "streak": 2
}