{
  "total_activities": 151,
  "total_distance": 681.1721000000001,
  "total_time": 385832,
  "avg_pace": 566.4236688496195,
  "best_pace": 205.5664626400277,
  "avg_heart_rate": 127.85165562913905,
  "streak": 1
}