{
  "total_activities": 541,
  "total_distance": 2063.3552999999984,
  "total_time": 1320084,
  "avg_pace": 639.7754182229309,
  "best_pace": 205.5664626400277,
  "avg_heart_rate": 124.4775590551182,
  "streak": 0
}