{
  "total_activities": 233,
  "total_distance": 1029.6547999999998,
  "total_time": 586061,
  "avg_pace": 569.1820210035443,
  "best_pace": 205.5664626400277,
  "avg_heart_rate": 127.2429184549356,
  "streak": 0
}