{
  "total_activities": 369,
  "total_distance": 1421.4622999999997,
  "total_time": 878778,
  "avg_pace": 618.2211093463402,
  "best_pace": 205.5664626400277,
  "avg_heart_rate": 125.68750000000004,
  "streak": 0
}