{
  "total_activities": 156,
  "total_distance": 702.6075999999999,
  "total_time": 396762,
  "avg_pace": 564.6992716845078,
  "best_pace": 205.5664626400277,
  "avg_heart_rate": 127.52564102564102,
  "streak": 0
}