{
  "total_activities": 50,
  "total_distance": 176.65939999999998,
  "total_time": 135911,
  "avg_pace": 769.3391916875072,
  "best_pace": 263.17288521788663,
  "avg_heart_rate": 130.63400000000001,
  "streak": 0
}