{
  "total_activities": 224,
  "total_distance": 999.8410999999999,
  "total_time": 564592,
  "avg_pace": 564.6817279265676,
  "best_pace": 205.5664626400277,
  "avg_heart_rate": 127.83526785714282,
  "streak": 0
}