{
  "total_activities": 372,
  "total_distance": 1430.6489999999994,
  "total_time": 885572,
  "avg_pace": 619.0001880265532,
  "best_pace": 205.5664626400277,
  "avg_heart_rate": 125.50973451327441,
  "streak": 2
}