{
  "total_activities": 264,
  "total_distance": 1163.4431999999995,
  "total_time": 663860,
  "avg_pace": 570.5994070015626,
  "best_pace": 205.5664626400277,
  "avg_heart_rate": 126.74545454545448,
  "streak": 4
}