{
  "total_activities": 511,
  "total_distance": 1973.188799999998,
  "total_time": 1253870,
  "avg_pace": 635.4536372799203,
  "best_pace": 205.5664626400277,
  "avg_heart_rate": 125.98702928870298,
  "streak": 1
}