{
  "total_activities": 435,
  "total_distance": 1721.7815999999991,
  "total_time": 1044092,
  "avg_pace": 606.402112788289,
  "best_pace": 205.5664626400277,
  "avg_heart_rate": 125.74079601990047,
  "streak": 5
}