{
  "total_activities": 480,
  "total_distance": 1849.2977999999987,
  "total_time": 1165663,
  "avg_pace": 630.3273599308889,
  "best_pace": 205.5664626400277,
  "avg_heart_rate": 126.55838926174495,
  "streak": 0
}