{
  "total_activities": 107,
  "total_distance": 358.496,
  "total_time": 269292,
  "avg_pace": 751.1715611889673,
  "best_pace": 263.17288521788663,
  "avg_heart_rate": 115.77476635514022,
  "streak": 2
}