{
  "total_activities": 520,
  "total_distance": 1999.8405999999982,
  "total_time": 1274238,
  "avg_pace": 637.1697824316603,
  "best_pace": 205.5664626400277,
  "avg_heart_rate": 125.46796714579062,
  "streak": 4
}