{
  "total_activities": 243,
  "total_distance": 1077.0454999999997,
  "total_time": 614004,
  "avg_pace": 570.0817653478894,
  "best_pace": 205.5664626400277,
  "avg_heart_rate": 127.12921810699585,
  "streak": 1
}