{
  "total_activities": 105,
  "total_distance": 353.03520000000003,
  "total_time": 265572,
  "avg_pace": 752.2535996410555,
  "best_pace": 263.17288521788663,
  "avg_heart_rate": 116.04000000000003,
  "streak": 1
}