{
  "total_activities": 418,
  "total_distance": 1629.840399999999,
  "total_time": 999517,
  "avg_pace": 613.2606603689543,
  "best_pace": 205.5664626400277,
  "avg_heart_rate": 125.27298701298703,
  "streak": 4
}