{
  "total_activities": 338,
  "total_distance": 1272.8687999999997,
  "total_time": 795270,
  "avg_pace": 624.7855238497481,
  "best_pace": 205.5664626400277,
  "avg_heart_rate": 125.60655737704923,
  "streak": 0
}