{
  "total_activities": 494,
  "total_distance": 1902.5906999999988,
  "total_time": 1205979,
  "avg_pace": 633.8615026342769,
  "best_pace": 205.5664626400277,
  "avg_heart_rate": 126.37071583514101,
  "streak": 3
}