{
  "total_activities": 169,
  "total_distance": 745.7343,
  "total_time": 423050,
  "avg_pace": 567.2932034908412,
  "best_pace": 205.5664626400277,
  "avg_heart_rate": 127.48106508875739,
  "streak": 2
}