{
  "total_activities": 277,
  "total_distance": 1225.5378999999996,
  "total_time": 694899,
  "avg_pace": 567.0155121273689,
  "best_pace": 205.5664626400277,
  "avg_heart_rate": 126.74801444043312,
  "streak": 0
}