{
  "total_activities": 297,
  "total_distance": 1320.9814999999996,
  "total_time": 746555,
  "avg_pace": 565.1517451228501,
  "best_pace": 205.5664626400277,
  "avg_heart_rate": 127.56161616161604,
  "streak": 3
}