{
  "total_activities": 56,
  "total_distance": 197.95339999999996,
  "total_time": 152753,
  "avg_pace": 771.6614112210249,
  "best_pace": 263.17288521788663,
  "avg_heart_rate": 127.58928571428574,
  "streak": 2
}