{
  "total_activities": 493,
  "total_distance": 1899.632999999999,
  "total_time": 1203606,
  "avg_pace": 633.5992267980188,
  "best_pace": 205.5664626400277,
  "avg_heart_rate": 126.4221739130435,
  "streak": 2
}