{
  "total_activities": 85,
  "total_distance": 293.71849999999995,
  "total_time": 224008,
  "avg_pace": 762.6622088836762,
  "best_pace": 263.17288521788663,
  "avg_heart_rate": 118.25882352941183,
  "streak": 6
}