{
  "total_activities": 522,
  "total_distance": 2006.6899999999985,
  "total_time": 1279545,
  "avg_pace": 637.6395955528761,
  "best_pace": 205.5664626400277,
  "avg_heart_rate": 125.3572597137015,
  "streak": 0
}