{
  "total_activities": 111,
  "total_distance": 371.88960000000003,
  "total_time": 280099,
  "avg_pace": 753.1778248168273,
  "best_pace": 263.17288521788663,
  "avg_heart_rate": 115.11891891891894,
  "streak": 4
}