{
  "total_activities": 263,
  "total_distance": 1162.6156999999994,
  "total_time": 663246,
  "avg_pace": 570.4774157101099,
  "best_pace": 205.5664626400277,
  "avg_heart_rate": 126.88250950570337,
  "streak": 0
}