{
  "total_activities": 316,
  "total_distance": 1183.5936,
  "total_time": 743030,
  "avg_pace": 627.7746010116987,
  "best_pace": 205.5664626400277,
  "avg_heart_rate": 125.18904593639581,
  "streak": 0
}