{
  "total_activities": 159,
  "total_distance": 708.3587,
  "total_time": 401485,
  "avg_pace": 566.7820554755663,
  "best_pace": 205.5664626400277,
  "avg_heart_rate": 127.4679245283019,
  "streak": 1
}