{
  "total_activities": 565,
  "total_distance": 2138.5289999999995,
  "total_time": 1374036,
  "avg_pace": 642.5145508898876,
  "best_pace": 205.5664626400277,
  "avg_heart_rate": 123.59078947368432,
  "streak": 5
}