{
  "total_activities": 510,
  "total_distance": 1965.9130999999982,
  "total_time": 1248352,
  "avg_pace": 634.998566315063,
  "best_pace": 205.5664626400277,
  "avg_heart_rate": 126.05073375262059,
  "streak": 3
}