{
  "total_activities": 167,
  "total_distance": 735.6112999999999,
  "total_time": 417557,
  "avg_pace": 567.6326614341026,
  "best_pace": 205.5664626400277,
  "avg_heart_rate": 127.3131736526946,
  "streak": 0
}