{
  "total_activities": 366,
  "total_distance": 1411.2032999999997,
  "total_time": 872450,
  "avg_pace": 618.2312640567097,
  "best_pace": 205.5664626400277,
  "avg_heart_rate": 125.85615615615622,
  "streak": 0
}