{
  "total_activities": 394,
  "total_distance": 1525.6452999999997,
  "total_time": 942848,
  "avg_pace": 617.999478646839,
  "best_pace": 205.5664626400277,
  "avg_heart_rate": 125.43933518005545,
  "streak": 1
}