{
  "total_activities": 220,
  "total_distance": 980.4191999999998,
  "total_time": 555110,
  "avg_pace": 566.1965820334813,
  "best_pace": 205.5664626400277,
  "avg_heart_rate": 127.9145454545454,
  "streak": 2
}