{
  "total_activities": 347,
  "total_distance": 1318.4360999999992,
  "total_time": 820088,
  "avg_pace": 622.0157351577376,
  "best_pace": 205.5664626400277,
  "avg_heart_rate": 125.90859872611473,
  "streak": 2
}