{
  "total_activities": 310,
  "total_distance": 1150.5771000000002,
  "total_time": 726767,
  "avg_pace": 631.6543237302393,
  "best_pace": 205.5664626400277,
  "avg_heart_rate": 124.97797833935022,
  "streak": 2
}