{
  "total_activities": 431,
  "total_distance": 1700.462599999999,
  "total_time": 1033090,
  "avg_pace": 607.5346790926191,
  "best_pace": 205.5664626400277,
  "avg_heart_rate": 125.5683417085427,
  "streak": 1
}