{
  "total_activities": 12,
  "total_distance": 40.9402,
  "total_time": 37739,
  "avg_pace": 921.8079051885434,
  "best_pace": 451.2622962096719,
  "avg_heart_rate": 135.10833333333332,
  "streak": 1
}