{
  "total_activities": 566,
  "total_distance": 2141.309099999999,
  "total_time": 1376065,
  "avg_pace": 642.6279139242441,
  "best_pace": 205.5664626400277,
  "avg_heart_rate": 123.54690431519714,
  "streak": 6
}