{
  "total_activities": 416,
  "total_distance": 1617.5543999999995,
  "total_time": 993811,
  "avg_pace": 614.3910832303385,
  "best_pace": 205.5664626400277,
  "avg_heart_rate": 125.18694516971279,
  "streak": 2
}