{
  "total_activities": 196,
  "total_distance": 863.1795999999998,
  "total_time": 488607,
  "avg_pace": 566.0548511572796,
  "best_pace": 205.5664626400277,
  "avg_heart_rate": 128.03367346938768,
  "streak": 7
}