{
  "total_activities": 446,
  "total_distance": 1747.867699999999,
  "total_time": 1070500,
  "avg_pace": 612.4605426371804,
  "best_pace": 205.5664626400277,
  "avg_heart_rate": 125.80411622276023,
  "streak": 1
}