{
  "total_activities": 311,
  "total_distance": 1154.4734,
  "total_time": 729587,
  "avg_pace": 631.9651886305912,
  "best_pace": 205.5664626400277,
  "avg_heart_rate": 125.02338129496408,
  "streak": 3
}