{
  "total_activities": 46,
  "total_distance": 159.7958,
  "total_time": 127203,
  "avg_pace": 796.0346892721835,
  "best_pace": 263.17288521788663,
  "avg_heart_rate": 129.99347826086955,
  "streak": 2
}