{
  "total_activities": 417,
  "total_distance": 1623.4734999999994,
  "total_time": 996540,
  "avg_pace": 613.8320089610335,
  "best_pace": 205.5664626400277,
  "avg_heart_rate": 125.23229166666668,
  "streak": 3
}