{
  "total_activities": 271,
  "total_distance": 1192.6860999999997,
  "total_time": 678984,
  "avg_pace": 569.2897737300705,
  "best_pace": 205.5664626400277,
  "avg_heart_rate": 126.630996309963,
  "streak": 2
}