{
  "total_activities": 70,
  "total_distance": 249.27489999999995,
  "total_time": 192285,
  "avg_pace": 771.3773027288349,
  "best_pace": 263.17288521788663,
  "avg_heart_rate": 121.77714285714293,
  "streak": 1
}