{
  "total_activities": 458,
  "total_distance": 1779.9757999999988,
  "total_time": 1107174,
  "avg_pace": 622.0163217949372,
  "best_pace": 205.5664626400277,
  "avg_heart_rate": 126.047294117647,
  "streak": 2
}