{
  "total_activities": 367,
  "total_distance": 1412.6059999999995,
  "total_time": 873798,
  "avg_pace": 618.5716328544551,
  "best_pace": 205.5664626400277,
  "avg_heart_rate": 125.73922155688628,
  "streak": 5
}