{
  "total_activities": 254,
  "total_distance": 1125.3892999999998,
  "total_time": 642009,
  "avg_pace": 570.4772561814832,
  "best_pace": 205.5664626400277,
  "avg_heart_rate": 126.94055118110232,
  "streak": 0
}