{
  "total_activities": 317,
  "total_distance": 1187.5005,
  "total_time": 746003,
  "avg_pace": 628.2127881209312,
  "best_pace": 205.5664626400277,
  "avg_heart_rate": 125.2485915492958,
  "streak": 1
}