{
  "total_activities": 413,
  "total_distance": 1604.3601999999992,
  "total_time": 987083,
  "avg_pace": 615.250241186487,
  "best_pace": 205.5664626400277,
  "avg_heart_rate": 125.19342105263158,
  "streak": 2
}