{
  "total_activities": 529,
  "total_distance": 2028.3930999999984,
  "total_time": 1296985,
  "avg_pace": 639.4150128000342,
  "best_pace": 205.5664626400277,
  "avg_heart_rate": 124.94798387096782,
  "streak": 2
}