{
  "total_activities": 230,
  "total_distance": 1018.8932999999998,
  "total_time": 579356,
  "avg_pace": 568.6130235619373,
  "best_pace": 205.5664626400277,
  "avg_heart_rate": 127.0865217391304,
  "streak": 0
}