{
  "total_activities": 349,
  "total_distance": 1330.5149999999996,
  "total_time": 826748,
  "avg_pace": 621.3744302018393,
  "best_pace": 205.5664626400277,
  "avg_heart_rate": 126.0272151898735,
  "streak": 4
}