{
  "total_activities": 251,
  "total_distance": 1109.1332,
  "total_time": 633539,
  "avg_pace": 571.2019079403628,
  "best_pace": 205.5664626400277,
  "avg_heart_rate": 126.95856573705176,
  "streak": 0
}