{
  "total_activities": 248,
  "total_distance": 1096.6959999999997,
  "total_time": 625771,
  "avg_pace": 570.5965919452613,
  "best_pace": 205.5664626400277,
  "avg_heart_rate": 127.05241935483866,
  "streak": 1
}