{
  "total_activities": 495,
  "total_distance": 1906.1446999999987,
  "total_time": 1208345,
  "avg_pace": 633.9209190152252,
  "best_pace": 205.5664626400277,
  "avg_heart_rate": 126.30779220779222,
  "streak": 1
}