{
  "total_activities": 212,
  "total_distance": 948.6466999999998,
  "total_time": 535483,
  "avg_pace": 564.4704187554757,
  "best_pace": 205.5664626400277,
  "avg_heart_rate": 128.68396226415086,
  "streak": 1
}