{
  "total_activities": 68,
  "total_distance": 240.85349999999997,
  "total_time": 185462,
  "avg_pace": 770.0199498865494,
  "best_pace": 263.17288521788663,
  "avg_heart_rate": 122.47352941176474,
  "streak": 5
}