{
  "total_activities": 300,
  "total_distance": 1121.4697,
  "total_time": 708792,
  "avg_pace": 632.020642198358,
  "best_pace": 205.5664626400277,
  "avg_heart_rate": 125.05318352059929,
  "streak": 0
}