{
  "total_activities": 268,
  "total_distance": 1179.6125999999997,
  "total_time": 672345,
  "avg_pace": 569.9710226899917,
  "best_pace": 205.5664626400277,
  "avg_heart_rate": 126.62499999999989,
  "streak": 1
}