{
  "total_activities": 363,
  "total_distance": 1395.7171999999996,
  "total_time": 864277,
  "avg_pace": 619.2350427436162,
  "best_pace": 205.5664626400277,
  "avg_heart_rate": 125.90090909090914,
  "streak": 0
}