{
  "total_activities": 205,
  "total_distance": 911.6529,
  "total_time": 514718,
  "avg_pace": 564.5986537200725,
  "best_pace": 205.5664626400277,
  "avg_heart_rate": 128.43609756097555,
  "streak": 4
}