{
  "total_activities": 164,
  "total_distance": 726.7446,
  "total_time": 410889,
  "avg_pace": 565.3829419578763,
  "best_pace": 205.5664626400277,
  "avg_heart_rate": 127.42134146341462,
  "streak": 0
}