{
  "total_activities": 466,
  "total_distance": 1809.107499999999,
  "total_time": 1131495,
  "avg_pace": 625.4437616338447,
  "best_pace": 205.5664626400277,
  "avg_heart_rate": 126.21062355658194,
  "streak": 1
}