{
  "total_activities": 443,
  "total_distance": 1745.777299999999,
  "total_time": 1063709,
  "avg_pace": 609.3039473018698,
  "best_pace": 205.5664626400277,
  "avg_heart_rate": 125.93878048780485,
  "streak": 1
}