{
  "total_activities": 448,
  "total_distance": 1753.4536999999991,
  "total_time": 1076067,
  "avg_pace": 613.6842963119018,
  "best_pace": 205.5664626400277,
  "avg_heart_rate": 125.82674698795175,
  "streak": 1
}