{
  "total_activities": 521,
  "total_distance": 2003.1661999999983,
  "total_time": 1276527,
  "avg_pace": 637.2546621443598,
  "best_pace": 205.5664626400277,
  "avg_heart_rate": 125.41926229508202,
  "streak": 5
}