{
  "total_activities": 395,
  "total_distance": 1527.9952999999996,
  "total_time": 945569,
  "avg_pace": 618.8297830497255,
  "best_pace": 205.5664626400277,
  "avg_heart_rate": 125.3088397790056,
  "streak": 0
}