{
  "total_activities": 44,
  "total_distance": 150.1731,
  "total_time": 121565,
  "avg_pace": 809.499171289665,
  "best_pace": 263.17288521788663,
  "avg_heart_rate": 128.97272727272727,
  "streak": 1
}