{
  "total_activities": 113,
  "total_distance": 378.9964000000001,
  "total_time": 285000,
  "avg_pace": 751.9860346958438,
  "best_pace": 263.17288521788663,
  "avg_heart_rate": 114.81504424778764,
  "streak": 0
}