{
  "total_activities": 242,
  "total_distance": 1074.4075999999998,
  "total_time": 611604,
  "avg_pace": 569.2476486577349,
  "best_pace": 205.5664626400277,
  "avg_heart_rate": 127.31198347107436,
  "streak": 1
}