{
  "total_activities": 35,
  "total_distance": 119.8306,
  "total_time": 100705,
  "avg_pace": 840.3946905047625,
  "best_pace": 263.17288521788663,
  "avg_heart_rate": 129.38285714285712,
  "streak": 2
}