{
  "total_activities": 172,
  "total_distance": 764.7315,
  "total_time": 431000,
  "avg_pace": 563.5965041324962,
  "best_pace": 205.5664626400277,
  "avg_heart_rate": 127.5191860465116,
  "streak": 1
}