{
  "total_activities": 178,
  "total_distance": 785.5788,
  "total_time": 445390,
  "avg_pace": 566.9577641351829,
  "best_pace": 205.5664626400277,
  "avg_heart_rate": 127.50056179775274,
  "streak": 1
}