{
  "total_activities": 419,
  "total_distance": 1635.9190999999992,
  "total_time": 1002338,
  "avg_pace": 612.7063373732849,
  "best_pace": 205.5664626400277,
  "avg_heart_rate": 125.31295336787568,
  "streak": 0
}