{
  "total_activities": 365,
  "total_distance": 1405.3065999999994,
  "total_time": 869800,
  "avg_pace": 618.9396676853296,
  "best_pace": 205.5664626400277,
  "avg_heart_rate": 125.80963855421695,
  "streak": 3
}