{
  "total_activities": 110,
  "total_distance": 370.1389000000001,
  "total_time": 278679,
  "avg_pace": 752.903842314331,
  "best_pace": 263.17288521788663,
  "avg_heart_rate": 115.2336363636364,
  "streak": 0
}