{
  "total_activities": 498,
  "total_distance": 1918.8883999999987,
  "total_time": 1215538,
  "avg_pace": 633.4594549636138,
  "best_pace": 205.5664626400277,
  "avg_heart_rate": 126.25139784946238,
  "streak": 1
}