{
  "total_activities": 307,
  "total_distance": 1139.4688999999998,
  "total_time": 720320,
  "avg_pace": 632.1541553262226,
  "best_pace": 205.5664626400277,
  "avg_heart_rate": 125.02481751824818,
  "streak": 1
}