{
  "total_activities": 442,
  "total_distance": 1739.8435999999992,
  "total_time": 1060981,
  "avg_pace": 609.8140085695062,
  "best_pace": 205.5664626400277,
  "avg_heart_rate": 125.89731051344741,
  "streak": 1
}