{
  "total_activities": 523,
  "total_distance": 2011.5875999999982,
  "total_time": 1283350,
  "avg_pace": 637.9786791288637,
  "best_pace": 205.5664626400277,
  "avg_heart_rate": 125.3077551020409,
  "streak": 0
}