{
  "total_activities": 279,
  "total_distance": 1237.1925999999996,
  "total_time": 700281,
  "avg_pace": 566.0242390715886,
  "best_pace": 205.5664626400277,
  "avg_heart_rate": 126.8193548387096,
  "streak": 1
}