{
  "total_activities": 94,
  "total_distance": 314.39759999999995,
  "total_time": 239048,
  "avg_pace": 760.3365929002003,
  "best_pace": 263.17288521788663,
  "avg_heart_rate": 117.4946808510639,
  "streak": 0
}