{
  "total_activities": 292,
  "total_distance": 1088.7504000000001,
  "total_time": 690882,
  "avg_pace": 634.5641755906587,
  "best_pace": 205.5664626400277,
  "avg_heart_rate": 125.42123552123553,
  "streak": 1
}