{
  "total_activities": 421,
  "total_distance": 1644.3999999999994,
  "total_time": 1006929,
  "avg_pace": 612.3382388713211,
  "best_pace": 205.5664626400277,
  "avg_heart_rate": 125.26907216494845,
  "streak": 0
}