{
  "total_activities": 284,
  "total_distance": 1263.7910999999995,
  "total_time": 712977,
  "avg_pace": 564.1573199874571,
  "best_pace": 205.5664626400277,
  "avg_heart_rate": 126.8936619718309,
  "streak": 0
}