{
  "total_activities": 334,
  "total_distance": 1251.5655999999997,
  "total_time": 783936,
  "avg_pace": 626.3642912524922,
  "best_pace": 205.5664626400277,
  "avg_heart_rate": 125.53787375415288,
  "streak": 1
}