{
  "total_activities": 374,
  "total_distance": 1437.7553999999998,
  "total_time": 891386,
  "avg_pace": 619.9844563268551,
  "best_pace": 205.5664626400277,
  "avg_heart_rate": 125.29354838709683,
  "streak": 0
}