{
  "total_activities": 534,
  "total_distance": 2045.7585999999983,
  "total_time": 1307716,
  "avg_pace": 639.2328009766162,
  "best_pace": 205.5664626400277,
  "avg_heart_rate": 124.79361277445118,
  "streak": 3
}