{
  "total_activities": 535,
  "total_distance": 2048.5629999999983,
  "total_time": 1309987,
  "avg_pace": 639.4662990593899,
  "best_pace": 205.5664626400277,
  "avg_heart_rate": 124.74501992031881,
  "streak": 4
}