{
  "total_activities": 244,
  "total_distance": 1082.3260999999998,
  "total_time": 616486,
  "avg_pace": 569.593581823445,
  "best_pace": 205.5664626400277,
  "avg_heart_rate": 127.19508196721308,
  "streak": 1
}