{
  "total_activities": 509,
  "total_distance": 1960.2660999999985,
  "total_time": 1243818,
  "avg_pace": 634.5148753018791,
  "best_pace": 205.5664626400277,
  "avg_heart_rate": 126.09537815126053,
  "streak": 2
}