{
  "total_activities": 337,
  "total_distance": 1271.2413,
  "total_time": 793852,
  "avg_pace": 624.4699570412006,
  "best_pace": 205.5664626400277,
  "avg_heart_rate": 125.74078947368425,
  "streak": 4
}