{
  "total_activities": 250,
  "total_distance": 1106.7831999999999,
  "total_time": 630818,
  "avg_pace": 569.9562479806344,
  "best_pace": 205.5664626400277,
  "avg_heart_rate": 127.15359999999997,
  "streak": 1
}