{
  "total_activities": 235,
  "total_distance": 1041.2917999999997,
  "total_time": 592945,
  "avg_pace": 569.4321226768521,
  "best_pace": 205.5664626400277,
  "avg_heart_rate": 127.13914893617019,
  "streak": 3
}