{
  "total_activities": 262,
  "total_distance": 1159.6070999999997,
  "total_time": 660661,
  "avg_pace": 569.7283157372874,
  "best_pace": 205.5664626400277,
  "avg_heart_rate": 127.01450381679385,
  "streak": 2
}