{
  "total_activities": 539,
  "total_distance": 2059.0544999999984,
  "total_time": 1317312,
  "avg_pace": 639.765484594993,
  "best_pace": 205.5664626400277,
  "avg_heart_rate": 124.5697628458499,
  "streak": 6
}