{
  "total_activities": 362,
  "total_distance": 1392.1079999999993,
  "total_time": 861679,
  "avg_pace": 618.9742462510096,
  "best_pace": 205.5664626400277,
  "avg_heart_rate": 126.0088145896657,
  "streak": 2
}