{
  "total_activities": 100,
  "total_distance": 330.92189999999994,
  "total_time": 249447,
  "avg_pace": 753.7941731870875,
  "best_pace": 263.17288521788663,
  "avg_heart_rate": 116.87800000000004,
  "streak": 13
}