{
  "total_activities": 209,
  "total_distance": 932.0192999999998,
  "total_time": 526534,
  "avg_pace": 564.9389449338657,
  "best_pace": 205.5664626400277,
  "avg_heart_rate": 128.4966507177033,
  "streak": 2
}