{
  "total_activities": 474,
  "total_distance": 1834.311299999999,
  "total_time": 1151150,
  "avg_pace": 627.5652338836928,
  "best_pace": 205.5664626400277,
  "avg_heart_rate": 126.48594104308386,
  "streak": 0
}