{
  "total_activities": 459,
  "total_distance": 1785.851899999999,
  "total_time": 1109935,
  "avg_pace": 621.5157035138247,
  "best_pace": 205.5664626400277,
  "avg_heart_rate": 126.09131455399056,
  "streak": 3
}