{
  "total_activities": 336,
  "total_distance": 1265.2238999999997,
  "total_time": 791347,
  "avg_pace": 625.4600470319918,
  "best_pace": 205.5664626400277,
  "avg_heart_rate": 125.68613861386142,
  "streak": 3
}