{
  "total_activities": 467,
  "total_distance": 1814.883799999999,
  "total_time": 1134188,
  "avg_pace": 624.9369794363698,
  "best_pace": 205.5664626400277,
  "avg_heart_rate": 126.2866359447004,
  "streak": 1
}