{
  "total_activities": 361,
  "total_distance": 1386.1343999999995,
  "total_time": 859049,
  "avg_pace": 619.7443768800488,
  "best_pace": 205.5664626400277,
  "avg_heart_rate": 125.9725609756098,
  "streak": 2
}