{
  "total_activities": 370,
  "total_distance": 1421.4622999999997,
  "total_time": 880301,
  "avg_pace": 619.2925412091479,
  "best_pace": 205.5664626400277,
  "avg_heart_rate": 125.59732937685465,
  "streak": 1
}