{
  "total_activities": 438,
  "total_distance": 1734.1450999999993,
  "total_time": 1051945,
  "avg_pace": 606.6072556442944,
  "best_pace": 205.5664626400277,
  "avg_heart_rate": 125.85950617283949,
  "streak": 1
}