{
  "total_activities": 501,
  "total_distance": 1931.6355999999987,
  "total_time": 1223772,
  "avg_pace": 633.541854374604,
  "best_pace": 205.5664626400277,
  "avg_heart_rate": 126.39294871794874,
  "streak": 1
}