{
  "total_activities": 52,
  "total_distance": 183.41239999999996,
  "total_time": 142018,
  "avg_pace": 774.309697708552,
  "best_pace": 263.17288521788663,
  "avg_heart_rate": 129.17115384615386,
  "streak": 0
}