{
  "total_activities": 110,
  "total_distance": 544.6475000000002,
  "total_time": 288740,
  "avg_pace": 530.1410545352727,
  "best_pace": 350.682261208577,
  "avg_heart_rate": 129.8654545454546,
  "streak": 0
}