{
  "total_activities": 201,
  "total_distance": 884.8955999999998,
  "total_time": 501649,
  "avg_pace": 566.9019034561818,
  "best_pace": 205.5664626400277,
  "avg_heart_rate": 128.1522388059701,
  "streak": 4
}