{
  "total_activities": 150,
  "total_distance": 679.222,
  "total_time": 383954,
  "avg_pace": 565.2849878243048,
  "best_pace": 205.5664626400277,
  "avg_heart_rate": 128.16066666666663,
  "streak": 1
}