{
  "total_activities": 66,
  "total_distance": 235.76760000000002,
  "total_time": 182057,
  "avg_pace": 772.1883753323187,
  "best_pace": 263.17288521788663,
  "avg_heart_rate": 123.21515151515156,
  "streak": 4
}