{
  "total_activities": 78,
  "total_distance": 272.3279999999999,
  "total_time": 210308,
  "avg_pace": 772.2599218589351,
  "best_pace": 263.17288521788663,
  "avg_heart_rate": 119.17435897435902,
  "streak": 1
}