{
  "total_activities": 245,
  "total_distance": 1082.3260999999998,
  "total_time": 617570,
  "avg_pace": 570.5951283998419,
  "best_pace": 205.5664626400277,
  "avg_heart_rate": 127.05061224489792,
  "streak": 0
}