{
  "total_activities": 86,
  "total_distance": 296.74179999999996,
  "total_time": 226247,
  "avg_pace": 762.4372434217223,
  "best_pace": 263.17288521788663,
  "avg_heart_rate": 118.09186046511634,
  "streak": 6
}