{
  "total_activities": 300,
  "total_distance": 1326.9151999999995,
  "total_time": 753203,
  "avg_pace": 567.6346159875177,
  "best_pace": 205.5664626400277,
  "avg_heart_rate": 127.48366666666652,
  "streak": 1
}