{
  "total_activities": 344,
  "total_distance": 1301.7176999999992,
  "total_time": 812066,
  "avg_pace": 623.8418667887826,
  "best_pace": 205.5664626400277,
  "avg_heart_rate": 125.91672025723479,
  "streak": 3
}