{
  "total_activities": 275,
  "total_distance": 1217.0569999999996,
  "total_time": 690308,
  "avg_pace": 567.1944699385487,
  "best_pace": 205.5664626400277,
  "avg_heart_rate": 126.82036363636358,
  "streak": 1
}