{
  "total_activities": 27,
  "total_distance": 86.98510000000002,
  "total_time": 74598,
  "avg_pace": 857.5951513535075,
  "best_pace": 436.1795850679749,
  "avg_heart_rate": 136.85925925925923,
  "streak": 0
}