{
  "total_activities": 564,
  "total_distance": 2134.202299999999,
  "total_time": 1371164,
  "avg_pace": 642.4714283177376,
  "best_pace": 205.5664626400277,
  "avg_heart_rate": 123.64331450094174,
  "streak": 4
}