{
  "total_activities": 412,
  "total_distance": 1598.4746999999993,
  "total_time": 984375,
  "avg_pace": 615.8214452815553,
  "best_pace": 205.5664626400277,
  "avg_heart_rate": 125.14696569920844,
  "streak": 1
}