{
  "total_activities": 415,
  "total_distance": 1611.5481999999993,
  "total_time": 991014,
  "avg_pace": 614.9453053901834,
  "best_pace": 205.5664626400277,
  "avg_heart_rate": 125.16282722513088,
  "streak": 0
}