{
  "total_activities": 292,
  "total_distance": 1305.9687999999996,
  "total_time": 734594,
  "avg_pace": 562.4897011322171,
  "best_pace": 205.5664626400277,
  "avg_heart_rate": 127.37945205479438,
  "streak": 6
}