{
  "total_activities": 238,
  "total_distance": 1060.7903999999999,
  "total_time": 602184,
  "avg_pace": 567.6748205866118,
  "best_pace": 205.5664626400277,
  "avg_heart_rate": 127.31554621848737,
  "streak": 5
}