{
  "total_activities": 166,
  "total_distance": 731.715,
  "total_time": 414737,
  "avg_pace": 566.8012819198732,
  "best_pace": 205.5664626400277,
  "avg_heart_rate": 127.25120481927709,
  "streak": 2
}