{
  "total_activities": 13,
  "total_distance": 46.794799999999995,
  "total_time": 40430,
  "avg_pace": 863.9848872096901,
  "best_pace": 451.2622962096719,
  "avg_heart_rate": 136.36923076923077,
  "streak": 1
}