{
  "total_activities": 32,
  "total_distance": 102.6597,
  "total_time": 86443,
  "avg_pace": 842.0344107765754,
  "best_pace": 263.17288521788663,
  "avg_heart_rate": 133.24999999999997,
  "streak": 0
}