{
  "total_activities": 227,
  "total_distance": 1006.2188999999997,
  "total_time": 571132,
  "avg_pace": 567.602139057416,
  "best_pace": 205.5664626400277,
  "avg_heart_rate": 127.37400881057266,
  "streak": 0
}