{
  "total_activities": 155,
  "total_distance": 700.9257,
  "total_time": 395141,
  "avg_pace": 563.7416348123631,
  "best_pace": 205.5664626400277,
  "avg_heart_rate": 127.70838709677419,
  "streak": 0
}