{
  "total_activities": 2,
  "total_distance": 5.6167,
  "total_time": 6097,
  "avg_pace": 1085.5128456210944,
  "best_pace": 463.7954670892161,
  "avg_heart_rate": 136.2,
  "streak": 1
}