{
  "total_activities": 223,
  "total_distance": 993.7438999999998,
  "total_time": 561768,
  "avg_pace": 565.3046021213314,
  "best_pace": 205.5664626400277,
  "avg_heart_rate": 127.81031390134522,
  "streak": 5
}