{
  "total_activities": 291,
  "total_distance": 1302.9194999999995,
  "total_time": 732062,
  "avg_pace": 561.8628011937808,
  "best_pace": 205.5664626400277,
  "avg_heart_rate": 127.32852233676962,
  "streak": 5
}