{
  "total_activities": 281,
  "total_distance": 1248.8744999999994,
  "total_time": 705559,
  "avg_pace": 564.9558862800068,
  "best_pace": 205.5664626400277,
  "avg_heart_rate": 126.9185053380782,
  "streak": 2
}