{
  "total_activities": 390,
  "total_distance": 1504.5772999999992,
  "total_time": 932514,
  "avg_pace": 619.7847063092075,
  "best_pace": 205.5664626400277,
  "avg_heart_rate": 125.26666666666672,
  "streak": 0
}