{
  "total_activities": 152,
  "total_distance": 686.4597000000001,
  "total_time": 387979,
  "avg_pace": 565.1883133124929,
  "best_pace": 205.5664626400277,
  "avg_heart_rate": 127.90921052631577,
  "streak": 2
}