{
  "total_activities": 73,
  "total_distance": 258.9647999999999,
  "total_time": 200230,
  "avg_pace": 773.1938858099636,
  "best_pace": 263.17288521788663,
  "avg_heart_rate": 120.73150684931514,
  "streak": 0
}