{
  "total_activities": 471,
  "total_distance": 1827.0089999999989,
  "total_time": 1143958,
  "avg_pace": 626.1370359970863,
  "best_pace": 205.5664626400277,
  "avg_heart_rate": 126.34840182648395,
  "streak": 0
}