{
  "total_activities": 424,
  "total_distance": 1661.8502999999992,
  "total_time": 1014907,
  "avg_pace": 610.7090391956486,
  "best_pace": 205.5664626400277,
  "avg_heart_rate": 125.37007672634275,
  "streak": 1
}