{
  "total_activities": 219,
  "total_distance": 976.8550999999999,
  "total_time": 552247,
  "avg_pace": 565.3315420065884,
  "best_pace": 205.5664626400277,
  "avg_heart_rate": 128.09178082191778,
  "streak": 0
}