{
  "total_activities": 455,
  "total_distance": 1767.929399999999,
  "total_time": 1097162,
  "avg_pace": 620.5915236207965,
  "best_pace": 205.5664626400277,
  "avg_heart_rate": 125.9450236966824,
  "streak": 1
}