{
  "total_activities": 340,
  "total_distance": 1282.0416999999995,
  "total_time": 800637,
  "avg_pace": 624.5015275244169,
  "best_pace": 205.5664626400277,
  "avg_heart_rate": 125.69967426710103,
  "streak": 7
}