{
  "total_activities": 398,
  "total_distance": 1544.2513999999994,
  "total_time": 954039,
  "avg_pace": 617.8003141198385,
  "best_pace": 205.5664626400277,
  "avg_heart_rate": 125.30986301369869,
  "streak": 1
}