{
  "total_activities": 503,
  "total_distance": 1938.9720999999986,
  "total_time": 1226976,
  "avg_pace": 632.7971402992342,
  "best_pace": 205.5664626400277,
  "avg_heart_rate": 126.40021276595748,
  "streak": 0
}