{
  "total_activities": 247,
  "total_distance": 1091.1681999999996,
  "total_time": 623129,
  "avg_pace": 571.0659456534751,
  "best_pace": 205.5664626400277,
  "avg_heart_rate": 126.98542510121453,
  "streak": 1
}