{
  "total_activities": 326,
  "total_distance": 1213.4579999999999,
  "total_time": 765005,
  "avg_pace": 630.4338510273946,
  "best_pace": 205.5664626400277,
  "avg_heart_rate": 125.29624573378838,
  "streak": 0
}