{
  "total_activities": 197,
  "total_distance": 869.5270999999999,
  "total_time": 491325,
  "avg_pace": 565.0485189018261,
  "best_pace": 205.5664626400277,
  "avg_heart_rate": 128.12131979695425,
  "streak": 0
}