{
  "total_activities": 288,
  "total_distance": 1287.6200999999994,
  "total_time": 723846,
  "avg_pace": 562.1580464610644,
  "best_pace": 205.5664626400277,
  "avg_heart_rate": 127.16354166666659,
  "streak": 2
}