{
  "total_activities": 162,
  "total_distance": 720.4079999999999,
  "total_time": 407640,
  "avg_pace": 565.8460205883333,
  "best_pace": 205.5664626400277,
  "avg_heart_rate": 127.62037037037037,
  "streak": 1
}