{
  "total_activities": 160,
  "total_distance": 714.4753999999999,
  "total_time": 403804,
  "avg_pace": 565.1755119910357,
  "best_pace": 205.5664626400277,
  "avg_heart_rate": 127.6,
  "streak": 1
}