{
  "total_activities": 8,
  "total_distance": 29.477600000000002,
  "total_time": 24642,
  "avg_pace": 835.9567943116128,
  "best_pace": 451.2622962096719,
  "avg_heart_rate": 139.4,
  "streak": 2
}