{
  "total_activities": 313,
  "total_distance": 1164.5964,
  "total_time": 735080,
  "avg_pace": 631.188624660011,
  "best_pace": 205.5664626400277,
  "avg_heart_rate": 125.14107142857148,
  "streak": 2
}