{
  "total_activities": 507,
  "total_distance": 1953.0008999999984,
  "total_time": 1239072,
  "avg_pace": 634.4451761389363,
  "best_pace": 205.5664626400277,
  "avg_heart_rate": 126.13080168776375,
  "streak": 1
}