{
  "total_activities": 259,
  "total_distance": 1148.6098999999997,
  "total_time": 654293,
  "avg_pace": 569.6390045044885,
  "best_pace": 205.5664626400277,
  "avg_heart_rate": 127.01003861003858,
  "streak": 2
}