{
  "total_activities": 106,
  "total_distance": 357.3437,
  "total_time": 268769,
  "avg_pace": 752.1302320427085,
  "best_pace": 263.17288521788663,
  "avg_heart_rate": 115.92452830188682,
  "streak": 0
}