{
  "total_activities": 47,
  "total_distance": 165.79670000000002,
  "total_time": 129890,
  "avg_pace": 783.4293444923812,
  "best_pace": 263.17288521788663,
  "avg_heart_rate": 130.4851063829787,
  "streak": 0
}