{
  "total_activities": 569,
  "total_distance": 2151.3646,
  "total_time": 1382191,
  "avg_pace": 642.4717595520536,
  "best_pace": 205.5664626400277,
  "avg_heart_rate": 123.49813432835832,
  "streak": 8
}