{
  "total_activities": 557,
  "total_distance": 2112.840099999998,
  "total_time": 1354646,
  "avg_pace": 641.1493231314577,
  "best_pace": 205.5664626400277,
  "avg_heart_rate": 123.98416030534365,
  "streak": 2
}