{
  "total_activities": 11,
  "total_distance": 37.47539999999999,
  "total_time": 34821,
  "avg_pace": 929.1695352151013,
  "best_pace": 451.2622962096719,
  "avg_heart_rate": 134.20909090909092,
  "streak": 0
}