{
  "total_activities": 308,
  "total_distance": 1145.6067,
  "total_time": 722919,
  "avg_pace": 631.0359392974918,
  "best_pace": 205.5664626400277,
  "avg_heart_rate": 125.06290909090913,
  "streak": 2
}