{
  "total_activities": 170,
  "total_distance": 751.8572999999999,
  "total_time": 425537,
  "avg_pace": 565.9810711420905,
  "best_pace": 205.5664626400277,
  "avg_heart_rate": 127.57117647058823,
  "streak": 3
}