{
  "total_activities": 81,
  "total_distance": 283.4458999999998,
  "total_time": 216651,
  "avg_pace": 764.3469177010503,
  "best_pace": 263.17288521788663,
  "avg_heart_rate": 119.0765432098766,
  "streak": 3
}