{
  "total_activities": 53,
  "total_distance": 186.4628,
  "total_time": 144838,
  "avg_pace": 776.7661967963584,
  "best_pace": 263.17288521788663,
  "avg_heart_rate": 128.5754716981132,
  "streak": 1
}