{
  "total_activities": 79,
  "total_distance": 274.5315999999999,
  "total_time": 211983,
  "avg_pace": 772.1624760136905,
  "best_pace": 263.17288521788663,
  "avg_heart_rate": 118.95189873417729,
  "streak": 2
}