{
  "total_activities": 408,
  "total_distance": 1582.305299999999,
  "total_time": 975890,
  "avg_pace": 616.7520262998554,
  "best_pace": 205.5664626400277,
  "avg_heart_rate": 125.21600000000002,
  "streak": 4
}