{
  "total_activities": 350,
  "total_distance": 1333.8804999999995,
  "total_time": 829616,
  "avg_pace": 621.9567644927715,
  "best_pace": 205.5664626400277,
  "avg_heart_rate": 126.07981072555212,
  "streak": 0
}