{
  "total_activities": 294,
  "total_distance": 1098.0841000000003,
  "total_time": 695984,
  "avg_pace": 633.816663040654,
  "best_pace": 205.5664626400277,
  "avg_heart_rate": 125.36130268199233,
  "streak": 1
}