{
  "total_activities": 49,
  "total_distance": 175.33549999999997,
  "total_time": 135390,
  "avg_pace": 772.1767696787018,
  "best_pace": 263.17288521788663,
  "avg_heart_rate": 131.07142857142858,
  "streak": 2
}