{
  "total_activities": 272,
  "total_distance": 1198.6922999999997,
  "total_time": 681781,
  "avg_pace": 568.7706511504247,
  "best_pace": 205.5664626400277,
  "avg_heart_rate": 126.65955882352931,
  "streak": 2
}