{
  "total_activities": 287,
  "total_distance": 1281.6004999999993,
  "total_time": 721060,
  "avg_pace": 562.6246244442011,
  "best_pace": 205.5664626400277,
  "avg_heart_rate": 127.11149825783961,
  "streak": 1
}