{
  "total_activities": 308,
  "total_distance": 1343.4505999999994,
  "total_time": 775341,
  "avg_pace": 577.1265426506939,
  "best_pace": 205.5664626400277,
  "avg_heart_rate": 127.42142857142842,
  "streak": 0
}