{
  "total_activities": 4,
  "total_distance": 17.663100000000004,
  "total_time": 11570,
  "avg_pace": 655.0379038787074,
  "best_pace": 451.2622962096719,
  "avg_heart_rate": 140.89999999999998,
  "streak": 2
}