{
  "total_activities": 18,
  "total_distance": 64.6963,
  "total_time": 52893,
  "avg_pace": 817.5583456859202,
  "best_pace": 449.2506811989101,
  "avg_heart_rate": 136.89999999999998,
  "streak": 0
}