{
  "total_activities": 36,
  "total_distance": 125.9743,
  "total_time": 102992,
  "avg_pace": 817.5635824132382,
  "best_pace": 263.17288521788663,
  "avg_heart_rate": 130.16666666666663,
  "streak": 3
}