{
  "total_activities": 328,
  "total_distance": 1222.8319999999994,
  "total_time": 770358,
  "avg_pace": 629.9786070367805,
  "best_pace": 205.5664626400277,
  "avg_heart_rate": 125.38135593220342,
  "streak": 2
}