{
  "total_activities": 527,
  "total_distance": 2024.0160999999985,
  "total_time": 1293522,
  "avg_pace": 639.086813588094,
  "best_pace": 205.5664626400277,
  "avg_heart_rate": 125.07550607287457,
  "streak": 0
}