{
  "total_activities": 375,
  "total_distance": 1442.8289999999995,
  "total_time": 893727,
  "avg_pace": 619.4268343649874,
  "best_pace": 205.5664626400277,
  "avg_heart_rate": 125.33830409356733,
  "streak": 0
}