{
  "total_activities": 234,
  "total_distance": 1035.4872999999998,
  "total_time": 588733,
  "avg_pace": 568.5564661198647,
  "best_pace": 205.5664626400277,
  "avg_heart_rate": 127.27094017094015,
  "streak": 2
}