{
  "total_activities": 524,
  "total_distance": 2013.7382999999984,
  "total_time": 1285256,
  "avg_pace": 638.2438075493727,
  "best_pace": 205.5664626400277,
  "avg_heart_rate": 125.24887983706729,
  "streak": 1
}