{
  "total_activities": 516,
  "total_distance": 1989.3053999999984,
  "total_time": 1266547,
  "avg_pace": 636.6780083138572,
  "best_pace": 205.5664626400277,
  "avg_heart_rate": 125.7020703933748,
  "streak": 2
}