{
  "total_activities": 432,
  "total_distance": 1706.482199999999,
  "total_time": 1035876,
  "avg_pace": 607.0242045302322,
  "best_pace": 205.5664626400277,
  "avg_heart_rate": 125.60977443609023,
  "streak": 2
}