{
  "total_activities": 552,
  "total_distance": 2090.5061999999984,
  "total_time": 1338815,
  "avg_pace": 640.4262278676815,
  "best_pace": 205.5664626400277,
  "avg_heart_rate": 124.21714836223519,
  "streak": 12
}