{
  "total_activities": 505,
  "total_distance": 1945.7250999999987,
  "total_time": 1233083,
  "avg_pace": 633.7395760583038,
  "best_pace": 205.5664626400277,
  "avg_heart_rate": 126.25699152542376,
  "streak": 1
}