{
  "total_activities": 116,
  "total_distance": 389.0519000000001,
  "total_time": 291126,
  "avg_pace": 748.2960499614574,
  "best_pace": 263.17288521788663,
  "avg_heart_rate": 114.81551724137934,
  "streak": 8
}