{
  "total_activities": 217,
  "total_distance": 967.2723,
  "total_time": 547019,
  "avg_pace": 565.5274114641761,
  "best_pace": 205.5664626400277,
  "avg_heart_rate": 128.2202764976958,
  "streak": 0
}