{
  "total_activities": 290,
  "total_distance": 1299.8917999999996,
  "total_time": 729501,
  "avg_pace": 561.2013246025556,
  "best_pace": 205.5664626400277,
  "avg_heart_rate": 127.25517241379298,
  "streak": 4
}