{
  "total_activities": 359,
  "total_distance": 1377.2753999999995,
  "total_time": 853704,
  "avg_pace": 619.8498862319042,
  "best_pace": 205.5664626400277,
  "avg_heart_rate": 125.99141104294482,
  "streak": 1
}