{
  "total_activities": 51,
  "total_distance": 180.2028,
  "total_time": 139085,
  "avg_pace": 771.8248551076898,
  "best_pace": 263.17288521788663,
  "avg_heart_rate": 129.9529411764706,
  "streak": 0
}