{
  "total_activities": 289,
  "total_distance": 1293.7305999999994,
  "total_time": 726643,
  "avg_pace": 561.6648473801272,
  "best_pace": 205.5664626400277,
  "avg_heart_rate": 127.20657439446356,
  "streak": 3
}