{
  "total_activities": 314,
  "total_distance": 1170.7194000000002,
  "total_time": 737567,
  "avg_pace": 630.0117688320531,
  "best_pace": 205.5664626400277,
  "avg_heart_rate": 125.20391459074739,
  "streak": 3
}