{
  "total_activities": 104,
  "total_distance": 350.5274,
  "total_time": 263581,
  "avg_pace": 751.9554819395003,
  "best_pace": 263.17288521788663,
  "avg_heart_rate": 116.26250000000005,
  "streak": 0
}