{
  "total_activities": 399,
  "total_distance": 1549.9085999999993,
  "total_time": 956500,
  "avg_pace": 617.1331651427706,
  "best_pace": 205.5664626400277,
  "avg_heart_rate": 125.35519125683066,
  "streak": 0
}