{
  "total_activities": 555,
  "total_distance": 2104.1296999999986,
  "total_time": 1348065,
  "avg_pace": 640.6758100510633,
  "best_pace": 205.5664626400277,
  "avg_heart_rate": 124.07394636015339,
  "streak": 15
}