{
  "total_activities": 57,
  "total_distance": 203.60039999999998,
  "total_time": 157287,
  "avg_pace": 772.5279518114896,
  "best_pace": 263.17288521788663,
  "avg_heart_rate": 127.18947368421054,
  "streak": 0
}