{
  "total_activities": 436,
  "total_distance": 1724.8308999999992,
  "total_time": 1046624,
  "avg_pace": 606.7980345203698,
  "best_pace": 205.5664626400277,
  "avg_heart_rate": 125.78163771712155,
  "streak": 6
}