{
  "total_activities": 25,
  "total_distance": 81.1962,
  "total_time": 68784,
  "avg_pace": 847.1332402255277,
  "best_pace": 449.2506811989101,
  "avg_heart_rate": 136.6,
  "streak": 3
}