{
  "total_activities": 430,
  "total_distance": 1694.552199999999,
  "total_time": 1030425,
  "avg_pace": 608.0810021668265,
  "best_pace": 205.5664626400277,
  "avg_heart_rate": 125.50705289672545,
  "streak": 0
}