{
  "total_activities": 532,
  "total_distance": 2036.8442999999984,
  "total_time": 1303048,
  "avg_pace": 639.7386388345938,
  "best_pace": 205.5664626400277,
  "avg_heart_rate": 124.79679358717443,
  "streak": 0
}