{
  "total_activities": 16,
  "total_distance": 54.4886,
  "total_time": 46742,
  "avg_pace": 857.8308123167049,
  "best_pace": 451.2622962096719,
  "avg_heart_rate": 138.7875,
  "streak": 0
}