{
  "total_activities": 48,
  "total_distance": 169.3229,
  "total_time": 132707,
  "avg_pace": 783.7510460782328,
  "best_pace": 263.17288521788663,
  "avg_heart_rate": 130.73958333333334,
  "streak": 1
}