{
  "total_activities": 204,
  "total_distance": 903.3634,
  "total_time": 511246,
  "avg_pace": 565.9361448559904,
  "best_pace": 205.5664626400277,
  "avg_heart_rate": 128.34558823529406,
  "streak": 3
}