{
  "total_activities": 5,
  "total_distance": 17.663100000000004,
  "total_time": 16109,
  "avg_pace": 912.0143123234311,
  "best_pace": 451.2622962096719,
  "avg_heart_rate": 138.74,
  "streak": 2
}