{
  "total_activities": 530,
  "total_distance": 2032.3406999999984,
  "total_time": 1299483,
  "avg_pace": 639.4021435480779,
  "best_pace": 205.5664626400277,
  "avg_heart_rate": 124.90120724346085,
  "streak": 0
}