{
  "total_activities": 298,
  "total_distance": 1320.9814999999996,
  "total_time": 748951,
  "avg_pace": 566.9655479656606,
  "best_pace": 205.5664626400277,
  "avg_heart_rate": 127.50604026845626,
  "streak": 0
}