{
  "total_activities": 444,
  "total_distance": 1745.777299999999,
  "total_time": 1065233,
  "avg_pace": 610.1769108809013,
  "best_pace": 205.5664626400277,
  "avg_heart_rate": 125.88880778588803,
  "streak": 1
}