{
  "total_activities": 407,
  "total_distance": 1581.4777999999992,
  "total_time": 975276,
  "avg_pace": 616.686494113291,
  "best_pace": 205.5664626400277,
  "avg_heart_rate": 125.30828877005351,
  "streak": 0
}