{
  "total_activities": 67,
  "total_distance": 237.5279,
  "total_time": 183173,
  "avg_pace": 771.16414534882,
  "best_pace": 263.17288521788663,
  "avg_heart_rate": 122.7835820895523,
  "streak": 4
}