{
  "total_activities": 24,
  "total_distance": 79.04860000000001,
  "total_time": 67144,
  "avg_pace": 849.4015074270765,
  "best_pace": 449.2506811989101,
  "avg_heart_rate": 138.42499999999998,
  "streak": 0
}