{
  "total_activities": 387,
  "total_distance": 1495.9075999999993,
  "total_time": 926034,
  "avg_pace": 619.0449196193672,
  "best_pace": 205.5664626400277,
  "avg_heart_rate": 125.38870056497181,
  "streak": 1
}