{
  "total_activities": 294,
  "total_distance": 1315.2829999999994,
  "total_time": 739915,
  "avg_pace": 562.5519374917795,
  "best_pace": 205.5664626400277,
  "avg_heart_rate": 127.47585034013593,
  "streak": 1
}