{
  "total_activities": 246,
  "total_distance": 1085.7151999999996,
  "total_time": 620484,
  "avg_pace": 571.4979397912088,
  "best_pace": 205.5664626400277,
  "avg_heart_rate": 126.93089430894304,
  "streak": 0
}