{
  "total_activities": 327,
  "total_distance": 1219.6772999999998,
  "total_time": 767540,
  "avg_pace": 629.2976019148672,
  "best_pace": 205.5664626400277,
  "avg_heart_rate": 125.3534013605442,
  "streak": 1
}