{
  "total_activities": 441,
  "total_distance": 1739.8435999999992,
  "total_time": 1058585,
  "avg_pace": 608.4368732913697,
  "best_pace": 205.5664626400277,
  "avg_heart_rate": 125.93382352941175,
  "streak": 3
}