{
  "total_activities": 189,
  "total_distance": 830.6976999999998,
  "total_time": 470473,
  "avg_pace": 566.3588571390051,
  "best_pace": 205.5664626400277,
  "avg_heart_rate": 128.0587301587301,
  "streak": 0
}