{
  "total_activities": 403,
  "total_distance": 1567.4719999999993,
  "total_time": 966323,
  "avg_pace": 616.4850153623162,
  "best_pace": 205.5664626400277,
  "avg_heart_rate": 125.3805405405406,
  "streak": 2
}