{
  "total_activities": 470,
  "total_distance": 1822.6732999999988,
  "total_time": 1140445,
  "avg_pace": 625.6990761866105,
  "best_pace": 205.5664626400277,
  "avg_heart_rate": 126.42471395881,
  "streak": 1
}