{
  "total_activities": 342,
  "total_distance": 1291.6727999999994,
  "total_time": 806084,
  "avg_pace": 624.0620689697889,
  "best_pace": 205.5664626400277,
  "avg_heart_rate": 125.80550161812303,
  "streak": 1
}