{
  "total_activities": 168,
  "total_distance": 742.2601999999999,
  "total_time": 420276,
  "avg_pace": 566.2111480583225,
  "best_pace": 205.5664626400277,
  "avg_heart_rate": 127.38630952380952,
  "streak": 1
}