{
  "total_activities": 19,
  "total_distance": 70.62110000000001,
  "total_time": 55560,
  "avg_pace": 786.7337098969003,
  "best_pace": 449.2506811989101,
  "avg_heart_rate": 137.89999999999998,
  "streak": 0
}