{
  "total_activities": 422,
  "total_distance": 1650.1291999999992,
  "total_time": 1009618,
  "avg_pace": 611.8417879036384,
  "best_pace": 205.5664626400277,
  "avg_heart_rate": 125.28611825192803,
  "streak": 0
}