{
  "total_activities": 163,
  "total_distance": 720.6067999999999,
  "total_time": 408290,
  "avg_pace": 566.5919333539457,
  "best_pace": 205.5664626400277,
  "avg_heart_rate": 127.37177914110428,
  "streak": 1
}