{
  "total_activities": 526,
  "total_distance": 2021.2774999999986,
  "total_time": 1291295,
  "avg_pace": 638.8509247245868,
  "best_pace": 205.5664626400277,
  "avg_heart_rate": 125.13144016227187,
  "streak": 0
}