{
  "total_activities": 59,
  "total_distance": 214.15429999999998,
  "total_time": 165534,
  "avg_pace": 772.9660343033038,
  "best_pace": 263.17288521788663,
  "avg_heart_rate": 126.03050847457631,
  "streak": 2
}