{
  "total_activities": 187,
  "total_distance": 821.9989999999998,
  "total_time": 465481,
  "avg_pace": 566.2792777120168,
  "best_pace": 205.5664626400277,
  "avg_heart_rate": 127.93957219251331,
  "streak": 3
}