{
  "total_activities": 318,
  "total_distance": 1190.9605,
  "total_time": 748780,
  "avg_pace": 628.7194243637804,
  "best_pace": 205.5664626400277,
  "avg_heart_rate": 125.30947368421057,
  "streak": 1
}