{
  "total_activities": 451,
  "total_distance": 1756.730199999999,
  "total_time": 1084755,
  "avg_pace": 617.485257554063,
  "best_pace": 205.5664626400277,
  "avg_heart_rate": 125.80980861244015,
  "streak": 1
}