{
  "total_activities": 74,
  "total_distance": 261.70339999999993,
  "total_time": 202457,
  "avg_pace": 773.6124177217417,
  "best_pace": 263.17288521788663,
  "avg_heart_rate": 120.41756756756763,
  "streak": 0
}