{
  "total_activities": 28,
  "total_distance": 94.00660000000002,
  "total_time": 77630,
  "avg_pace": 825.7930826133482,
  "best_pace": 431.8165634123763,
  "avg_heart_rate": 137.28571428571425,
  "streak": 5
}