{
  "total_activities": 377,
  "total_distance": 1448.5168999999996,
  "total_time": 898091,
  "avg_pace": 620.0072639815249,
  "best_pace": 205.5664626400277,
  "avg_heart_rate": 125.41511627906984,
  "streak": 2
}