{
  "total_activities": 43,
  "total_distance": 144.99250000000004,
  "total_time": 117918,
  "avg_pace": 813.2696518785452,
  "best_pace": 263.17288521788663,
  "avg_heart_rate": 129.60232558139535,
  "streak": 1
}