{
  "total_activities": 332,
  "total_distance": 1246.7064999999998,
  "total_time": 779905,
  "avg_pace": 625.5722577848115,
  "best_pace": 205.5664626400277,
  "avg_heart_rate": 125.63478260869569,
  "streak": 1
}