{
  "total_activities": 295,
  "total_distance": 1318.9828999999995,
  "total_time": 742968,
  "avg_pace": 563.2885763719911,
  "best_pace": 205.5664626400277,
  "avg_heart_rate": 127.52711864406767,
  "streak": 0
}