{
  "total_activities": 42,
  "total_distance": 143.832,
  "total_time": 117280,
  "avg_pace": 815.3957394738306,
  "best_pace": 263.17288521788663,
  "avg_heart_rate": 130.4238095238095,
  "streak": 1
}