{
  "total_activities": 276,
  "total_distance": 1222.9360999999997,
  "total_time": 692969,
  "avg_pace": 566.6436700985441,
  "best_pace": 205.5664626400277,
  "avg_heart_rate": 126.86014492753615,
  "streak": 0
}