{
  "total_activities": 6,
  "total_distance": 23.5392,
  "total_time": 18870,
  "avg_pace": 801.6415171288744,
  "best_pace": 451.2622962096719,
  "avg_heart_rate": 139.75,
  "streak": 3
}