{
  "total_activities": 101,
  "total_distance": 335.99019999999996,
  "total_time": 252589,
  "avg_pace": 751.7749029584793,
  "best_pace": 263.17288521788663,
  "avg_heart_rate": 116.7564356435644,
  "streak": 0
}