{
  "total_activities": 355,
  "total_distance": 1360.9497999999994,
  "total_time": 844716,
  "avg_pace": 620.6812330623807,
  "best_pace": 205.5664626400277,
  "avg_heart_rate": 126.18850931677025,
  "streak": 3
}