{
  "total_activities": 478,
  "total_distance": 1843.5088999999987,
  "total_time": 1159849,
  "avg_pace": 629.1529159419848,
  "best_pace": 205.5664626400277,
  "avg_heart_rate": 126.49752808988762,
  "streak": 3
}