{
  "total_activities": 500,
  "total_distance": 1928.1093999999987,
  "total_time": 1220955,
  "avg_pace": 633.2394831953004,
  "best_pace": 205.5664626400277,
  "avg_heart_rate": 126.35802997858674,
  "streak": 3
}