{
  "total_activities": 567,
  "total_distance": 2146.4947999999995,
  "total_time": 1378460,
  "avg_pace": 642.191166733784,
  "best_pace": 205.5664626400277,
  "avg_heart_rate": 123.58707865168553,
  "streak": 7
}