{
  "total_activities": 420,
  "total_distance": 1641.7981999999993,
  "total_time": 1004999,
  "avg_pace": 612.1330867581657,
  "best_pace": 205.5664626400277,
  "avg_heart_rate": 125.34521963824291,
  "streak": 1
}