{
  "total_activities": 356,
  "total_distance": 1367.5087999999996,
  "total_time": 847513,
  "avg_pace": 619.7495767486105,
  "best_pace": 205.5664626400277,
  "avg_heart_rate": 126.24210526315795,
  "streak": 1
}