{
  "total_activities": 71,
  "total_distance": 251.42559999999995,
  "total_time": 194191,
  "avg_pace": 772.3596960691356,
  "best_pace": 263.17288521788663,
  "avg_heart_rate": 121.41971830985925,
  "streak": 1
}