{
  "total_activities": 108,
  "total_distance": 363.10480000000007,
  "total_time": 272887,
  "avg_pace": 751.5378480262447,
  "best_pace": 263.17288521788663,
  "avg_heart_rate": 115.60740740740745,
  "streak": 0
}