{
  "total_activities": 423,
  "total_distance": 1656.0546999999992,
  "total_time": 1012311,
  "avg_pace": 611.2787216509216,
  "best_pace": 205.5664626400277,
  "avg_heart_rate": 125.32769230769232,
  "streak": 1
}