{
  "total_activities": 479,
  "total_distance": 1849.2977999999987,
  "total_time": 1162374,
  "avg_pace": 628.5488470272343,
  "best_pace": 205.5664626400277,
  "avg_heart_rate": 126.55269058295963,
  "streak": 0
}