{
  "total_activities": 241,
  "total_distance": 1068.9785999999997,
  "total_time": 609044,
  "avg_pace": 569.7438657799138,
  "best_pace": 205.5664626400277,
  "avg_heart_rate": 127.24232365145225,
  "streak": 2
}