{
  "total_activities": 428,
  "total_distance": 1682.653199999999,
  "total_time": 1025007,
  "avg_pace": 609.1611747447428,
  "best_pace": 205.5664626400277,
  "avg_heart_rate": 125.4,
  "streak": 0
}