{
  "total_activities": 273,
  "total_distance": 1204.6113999999998,
  "total_time": 684510,
  "avg_pace": 568.2413432248775,
  "best_pace": 205.5664626400277,
  "avg_heart_rate": 126.71794871794864,
  "streak": 3
}