{
  "total_activities": 225,
  "total_distance": 1002.6001999999999,
  "total_time": 566748,
  "avg_pace": 565.2781637186987,
  "best_pace": 205.5664626400277,
  "avg_heart_rate": 127.71466666666662,
  "streak": 1
}