{
  "total_activities": 283,
  "total_distance": 1261.0607999999993,
  "total_time": 711183,
  "avg_pace": 563.9561550085455,
  "best_pace": 205.5664626400277,
  "avg_heart_rate": 127.02367491166069,
  "streak": 3
}