{
  "total_activities": 469,
  "total_distance": 1816.801299999999,
  "total_time": 1137807,
  "avg_pace": 626.2693669362745,
  "best_pace": 205.5664626400277,
  "avg_heart_rate": 126.3692660550458,
  "streak": 2
}