{
  "total_activities": 354,
  "total_distance": 1357.6892999999993,
  "total_time": 841376,
  "avg_pace": 619.7117411177951,
  "best_pace": 205.5664626400277,
  "avg_heart_rate": 126.15638629283495,
  "streak": 0
}