{
  "total_activities": 386,
  "total_distance": 1493.2696999999994,
  "total_time": 923634,
  "avg_pace": 618.5312673256549,
  "best_pace": 205.5664626400277,
  "avg_heart_rate": 125.50906515580742,
  "streak": 0
}