{
  "total_activities": 304,
  "total_distance": 1133.3375000000003,
  "total_time": 715834,
  "avg_pace": 631.6159131767896,
  "best_pace": 205.5664626400277,
  "avg_heart_rate": 125.1335793357934,
  "streak": 1
}