{
  "total_activities": 299,
  "total_distance": 1326.9151999999995,
  "total_time": 751679,
  "avg_pace": 566.4860874304554,
  "best_pace": 205.5664626400277,
  "avg_heart_rate": 127.5575250836119,
  "streak": 1
}