{
  "total_activities": 445,
  "total_distance": 1747.867699999999,
  "total_time": 1066870,
  "avg_pace": 610.3837264113299,
  "best_pace": 205.5664626400277,
  "avg_heart_rate": 125.79951456310674,
  "streak": 0
}