{
  "total_activities": 82,
  "total_distance": 286.25029999999987,
  "total_time": 218922,
  "avg_pace": 764.7922115714816,
  "best_pace": 263.17288521788663,
  "avg_heart_rate": 118.84878048780494,
  "streak": 4
}