{
  "total_activities": 90,
  "total_distance": 305.12019999999995,
  "total_time": 232567,
  "avg_pace": 762.2143666659895,
  "best_pace": 263.17288521788663,
  "avg_heart_rate": 117.54777777777785,
  "streak": 0
}