{
  "total_activities": 497,
  "total_distance": 1912.4857999999986,
  "total_time": 1212630,
  "avg_pace": 634.0596097497827,
  "best_pace": 205.5664626400277,
  "avg_heart_rate": 126.18793103448277,
  "streak": 0
}