{
  "total_activities": 553,
  "total_distance": 2093.2345999999984,
  "total_time": 1340512,
  "avg_pace": 640.4021794785931,
  "best_pace": 205.5664626400277,
  "avg_heart_rate": 124.1619230769232,
  "streak": 13
}