{
  "total_activities": 335,
  "total_distance": 1261.6657999999998,
  "total_time": 788098,
  "avg_pace": 624.648777830072,
  "best_pace": 205.5664626400277,
  "avg_heart_rate": 125.62152317880799,
  "streak": 0
}