{
  "total_activities": 465,
  "total_distance": 1803.252899999999,
  "total_time": 1128804,
  "avg_pace": 625.9820793855374,
  "best_pace": 205.5664626400277,
  "avg_heart_rate": 126.15208333333327,
  "streak": 1
}