{
  "total_activities": 389,
  "total_distance": 1501.1881999999996,
  "total_time": 929600,
  "avg_pace": 619.2428104617397,
  "best_pace": 205.5664626400277,
  "avg_heart_rate": 125.34438202247196,
  "streak": 2
}