{
  "total_activities": 54,
  "total_distance": 190.6882,
  "total_time": 148007,
  "avg_pace": 776.172830830644,
  "best_pace": 263.17288521788663,
  "avg_heart_rate": 127.95555555555556,
  "streak": 1
}