{
  "total_activities": 215,
  "total_distance": 958.4132999999999,
  "total_time": 541674,
  "avg_pace": 565.1778830698614,
  "best_pace": 205.5664626400277,
  "avg_heart_rate": 128.2697674418604,
  "streak": 1
}