{
  "total_activities": 538,
  "total_distance": 2056.0311999999985,
  "total_time": 1315073,
  "avg_pace": 639.6172392714668,
  "best_pace": 205.5664626400277,
  "avg_heart_rate": 124.61069306930702,
  "streak": 0
}