{
  "total_activities": 561,
  "total_distance": 2125.417499999999,
  "total_time": 1363952,
  "avg_pace": 641.7336829117105,
  "best_pace": 205.5664626400277,
  "avg_heart_rate": 123.79166666666679,
  "streak": 0
}