{
  "total_activities": 102,
  "total_distance": 341.81699999999995,
  "total_time": 257000,
  "avg_pace": 751.8643016584899,
  "best_pace": 263.17288521788663,
  "avg_heart_rate": 116.57058823529417,
  "streak": 0
}