{
  "total_activities": 186,
  "total_distance": 815.8664999999999,
  "total_time": 463053,
  "avg_pace": 567.5597662117517,
  "best_pace": 205.5664626400277,
  "avg_heart_rate": 127.89032258064509,
  "streak": 2
}