{
  "total_activities": 83,
  "total_distance": 290.1122999999999,
  "total_time": 221627,
  "avg_pace": 763.9352071594348,
  "best_pace": 263.17288521788663,
  "avg_heart_rate": 118.73734939759042,
  "streak": 0
}