{
  "total_activities": 556,
  "total_distance": 2108.1092999999983,
  "total_time": 1351180,
  "avg_pace": 640.9439965944845,
  "best_pace": 205.5664626400277,
  "avg_heart_rate": 124.02829827915883,
  "streak": 1
}