{
  "total_activities": 392,
  "total_distance": 1515.5580999999993,
  "total_time": 937801,
  "avg_pace": 618.7826121611573,
  "best_pace": 205.5664626400277,
  "avg_heart_rate": 125.35988857938725,
  "streak": 1
}