{
  "total_activities": 312,
  "total_distance": 1161.1223,
  "total_time": 732306,
  "avg_pace": 630.6880851396963,
  "best_pace": 205.5664626400277,
  "avg_heart_rate": 125.07562724014345,
  "streak": 1
}