{
  "total_activities": 21,
  "total_distance": 71.99860000000001,
  "total_time": 60085,
  "avg_pace": 834.5301158633639,
  "best_pace": 449.2506811989101,
  "avg_heart_rate": 138.28095238095236,
  "streak": 3
}