{
  "total_activities": 357,
  "total_distance": 1369.0633999999995,
  "total_time": 848925,
  "avg_pace": 620.07720022316,
  "best_pace": 205.5664626400277,
  "avg_heart_rate": 126.09043209876549,
  "streak": 0
}