{
  "total_activities": 239,
  "total_distance": 1065.8976999999998,
  "total_time": 604517,
  "avg_pace": 567.1435448261125,
  "best_pace": 205.5664626400277,
  "avg_heart_rate": 127.37405857740583,
  "streak": 1
}