{
  "total_activities": 194,
  "total_distance": 854.0066999999999,
  "total_time": 483240,
  "avg_pace": 565.8503615955239,
  "best_pace": 205.5664626400277,
  "avg_heart_rate": 127.91134020618549,
  "streak": 5
}