{
  "total_activities": 483,
  "total_distance": 1861.829699999999,
  "total_time": 1171739,
  "avg_pace": 629.3481084763018,
  "best_pace": 205.5664626400277,
  "avg_heart_rate": 126.4,
  "streak": 0
}