{
  "total_activities": 260,
  "total_distance": 1153.9576999999997,
  "total_time": 656791,
  "avg_pace": 569.1638437006834,
  "best_pace": 205.5664626400277,
  "avg_heart_rate": 127.04884615384611,
  "streak": 0
}