{
  "total_activities": 88,
  "total_distance": 301.0426,
  "total_time": 229019,
  "avg_pace": 760.7527971124352,
  "best_pace": 263.17288521788663,
  "avg_heart_rate": 117.70681818181825,
  "streak": 7
}