{
  "total_activities": 203,
  "total_distance": 899.5739999999998,
  "total_time": 508058,
  "avg_pace": 564.7762162979367,
  "best_pace": 205.5664626400277,
  "avg_heart_rate": 128.2763546798029,
  "streak": 2
}