{
  "total_activities": 364,
  "total_distance": 1399.2812999999996,
  "total_time": 867140,
  "avg_pace": 619.7038436803238,
  "best_pace": 205.5664626400277,
  "avg_heart_rate": 125.78972809667678,
  "streak": 0
}