{
  "total_activities": 98,
  "total_distance": 325.47169999999994,
  "total_time": 245304,
  "avg_pace": 753.6876478047094,
  "best_pace": 263.17288521788663,
  "avg_heart_rate": 117.3316326530613,
  "streak": 11
}