{
  "total_activities": 512,
  "total_distance": 1976.466999999998,
  "total_time": 1256599,
  "avg_pace": 635.7804101965787,
  "best_pace": 205.5664626400277,
  "avg_heart_rate": 125.9127348643007,
  "streak": 2
}