{
  "total_activities": 158,
  "total_distance": 708.3587,
  "total_time": 400656,
  "avg_pace": 565.6117444452931,
  "best_pace": 205.5664626400277,
  "avg_heart_rate": 127.50696202531644,
  "streak": 1
}