{
  "total_activities": 472,
  "total_distance": 1832.9337999999989,
  "total_time": 1146625,
  "avg_pace": 625.5681465418995,
  "best_pace": 205.5664626400277,
  "avg_heart_rate": 126.41571753986328,
  "streak": 3
}