{
  "total_activities": 558,
  "total_distance": 2115.347899999998,
  "total_time": 1356637,
  "avg_pace": 641.3304402552419,
  "best_pace": 205.5664626400277,
  "avg_heart_rate": 123.9249523809525,
  "streak": 0
}