{
  "total_activities": 410,
  "total_distance": 1590.595899999999,
  "total_time": 980549,
  "avg_pace": 616.4664450599934,
  "best_pace": 205.5664626400277,
  "avg_heart_rate": 125.18859416445623,
  "streak": 5
}