{
  "total_activities": 302,
  "total_distance": 1329.0055999999995,
  "total_time": 758470,
  "avg_pace": 570.7048939447661,
  "best_pace": 205.5664626400277,
  "avg_heart_rate": 127.35728476821176,
  "streak": 1
}