{
  "total_activities": 456,
  "total_distance": 1774.1609999999991,
  "total_time": 1100011,
  "avg_pace": 620.0175745042308,
  "best_pace": 205.5664626400277,
  "avg_heart_rate": 125.98817966903069,
  "streak": 0
}