{
  "total_activities": 190,
  "total_distance": 832.7034999999998,
  "total_time": 471906,
  "avg_pace": 566.7155235927315,
  "best_pace": 205.5664626400277,
  "avg_heart_rate": 127.8510526315789,
  "streak": 1
}