{
  "total_activities": 481,
  "total_distance": 1856.319299999999,
  "total_time": 1168695,
  "avg_pace": 629.5764958108234,
  "best_pace": 205.5664626400277,
  "avg_heart_rate": 126.6080357142857,
  "streak": 5
}