{
  "total_activities": 58,
  "total_distance": 210.87609999999998,
  "total_time": 162805,
  "avg_pace": 772.0410231410767,
  "best_pace": 263.17288521788663,
  "avg_heart_rate": 126.64482758620692,
  "streak": 1
}