{
  "total_activities": 210,
  "total_distance": 938.8271999999998,
  "total_time": 529346,
  "avg_pace": 563.8375198332559,
  "best_pace": 205.5664626400277,
  "avg_heart_rate": 128.57619047619042,
  "streak": 0
}