{
  "total_activities": 562,
  "total_distance": 2128.316899999999,
  "total_time": 1366470,
  "avg_pace": 642.0425454498815,
  "best_pace": 205.5664626400277,
  "avg_heart_rate": 123.7434782608697,
  "streak": 3
}