{
  "total_activities": 434,
  "total_distance": 1718.7538999999992,
  "total_time": 1041531,
  "avg_pace": 605.9802977028884,
  "best_pace": 205.5664626400277,
  "avg_heart_rate": 125.68379052369075,
  "streak": 4
}