{
  "total_activities": 306,
  "total_distance": 1139.2701000000002,
  "total_time": 719670,
  "avg_pace": 631.6939240308333,
  "best_pace": 205.5664626400277,
  "avg_heart_rate": 125.16373626373631,
  "streak": 1
}