{
  "total_activities": 329,
  "total_distance": 1228.7613999999994,
  "total_time": 772651,
  "avg_pace": 628.804745982418,
  "best_pace": 205.5664626400277,
  "avg_heart_rate": 125.47195945945947,
  "streak": 1
}