{
  "total_activities": 519,
  "total_distance": 1998.0802999999985,
  "total_time": 1273122,
  "avg_pace": 637.1725901106181,
  "best_pace": 205.5664626400277,
  "avg_heart_rate": 125.53209876543215,
  "streak": 4
}