{
  "total_activities": 91,
  "total_distance": 307.2781,
  "total_time": 234185,
  "avg_pace": 762.1272065923345,
  "best_pace": 263.17288521788663,
  "avg_heart_rate": 117.58901098901107,
  "streak": 8
}