{
  "total_activities": 319,
  "total_distance": 1194.9331,
  "total_time": 752141,
  "avg_pace": 629.4419327743118,
  "best_pace": 205.5664626400277,
  "avg_heart_rate": 125.18531468531471,
  "streak": 1
}