{
  "total_activities": 330,
  "total_distance": 1234.7285999999997,
  "total_time": 775083,
  "avg_pace": 627.7355201782806,
  "best_pace": 205.5664626400277,
  "avg_heart_rate": 125.53131313131317,
  "streak": 2
}