{
  "total_activities": 222,
  "total_distance": 992.3411999999998,
  "total_time": 560420,
  "avg_pace": 564.7452710821642,
  "best_pace": 205.5664626400277,
  "avg_heart_rate": 127.995045045045,
  "streak": 4
}