{
  "total_activities": 256,
  "total_distance": 1137.1144999999997,
  "total_time": 647256,
  "avg_pace": 569.209169349261,
  "best_pace": 205.5664626400277,
  "avg_heart_rate": 127.04140624999995,
  "streak": 0
}