{
  "total_activities": 154,
  "total_distance": 699.5197,
  "total_time": 393905,
  "avg_pace": 563.1078009668635,
  "best_pace": 205.5664626400277,
  "avg_heart_rate": 127.89350649350648,
  "streak": 0
}