{
  "total_activities": 499,
  "total_distance": 1922.1084999999987,
  "total_time": 1218268,
  "avg_pace": 633.8185383395374,
  "best_pace": 205.5664626400277,
  "avg_heart_rate": 126.30064377682406,
  "streak": 2
}