{
  "total_activities": 228,
  "total_distance": 1011.7869,
  "total_time": 573542,
  "avg_pace": 566.8604722990583,
  "best_pace": 205.5664626400277,
  "avg_heart_rate": 127.42368421052629,
  "streak": 2
}