{
  "total_activities": 95,
  "total_distance": 319.57429999999994,
  "total_time": 241092,
  "avg_pace": 754.416109180244,
  "best_pace": 263.17288521788663,
  "avg_heart_rate": 117.85473684210532,
  "streak": 10
}