{
  "total_activities": 188,
  "total_distance": 827.8444,
  "total_time": 467875,
  "avg_pace": 565.1726338911033,
  "best_pace": 205.5664626400277,
  "avg_heart_rate": 128.0297872340425,
  "streak": 0
}