{
  "total_activities": 267,
  "total_distance": 1173.8561999999995,
  "total_time": 669748,
  "avg_pace": 570.5537015522006,
  "best_pace": 205.5664626400277,
  "avg_heart_rate": 126.57602996254671,
  "streak": 0
}