{
  "total_activities": 536,
  "total_distance": 2052.4249999999984,
  "total_time": 1312692,
  "avg_pace": 639.5809834707729,
  "best_pace": 205.5664626400277,
  "avg_heart_rate": 124.71491053677941,
  "streak": 0
}