{
  "total_activities": 462,
  "total_distance": 1791.790299999999,
  "total_time": 1119800,
  "avg_pace": 624.9615259107054,
  "best_pace": 205.5664626400277,
  "avg_heart_rate": 126.14102564102558,
  "streak": 3
}