{
  "total_activities": 382,
  "total_distance": 1479.6524999999995,
  "total_time": 914214,
  "avg_pace": 617.8572333706734,
  "best_pace": 205.5664626400277,
  "avg_heart_rate": 125.49083094555881,
  "streak": 5
}