{
  "total_activities": 391,
  "total_distance": 1510.0302999999994,
  "total_time": 935159,
  "avg_pace": 619.2981690499855,
  "best_pace": 205.5664626400277,
  "avg_heart_rate": 125.3089385474861,
  "streak": 1
}