{
  "total_activities": 301,
  "total_distance": 1329.0055999999995,
  "total_time": 754840,
  "avg_pace": 567.9735284787365,
  "best_pace": 205.5664626400277,
  "avg_heart_rate": 127.35614617940183,
  "streak": 2
}