{
  "total_activities": 425,
  "total_distance": 1667.7365999999993,
  "total_time": 1017589,
  "avg_pace": 610.1617005946865,
  "best_pace": 205.5664626400277,
  "avg_heart_rate": 125.40637755102041,
  "streak": 2
}