{
  "total_activities": 506,
  "total_distance": 1948.7754999999984,
  "total_time": 1235903,
  "avg_pace": 634.1946519750485,
  "best_pace": 205.5664626400277,
  "avg_heart_rate": 126.19640591966177,
  "streak": 1
}