{
  "total_activities": 457,
  "total_distance": 1779.9757999999988,
  "total_time": 1102635,
  "avg_pace": 619.4662871259266,
  "best_pace": 205.5664626400277,
  "avg_heart_rate": 126.03773584905655,
  "streak": 2
}