{
  "total_activities": 322,
  "total_distance": 1204.4408999999998,
  "total_time": 757420,
  "avg_pace": 628.856094142934,
  "best_pace": 205.5664626400277,
  "avg_heart_rate": 125.22595155709344,
  "streak": 1
}