{
  "total_activities": 103,
  "total_distance": 345.79659999999996,
  "total_time": 260115,
  "avg_pace": 752.2196574518084,
  "best_pace": 263.17288521788663,
  "avg_heart_rate": 116.41165048543694,
  "streak": 1
}