{
  "total_activities": 452,
  "total_distance": 1762.312699999999,
  "total_time": 1087371,
  "avg_pace": 617.0136548411645,
  "best_pace": 205.5664626400277,
  "avg_heart_rate": 125.87350835322191,
  "streak": 0
}