{
  "total_activities": 508,
  "total_distance": 1957.2607999999984,
  "total_time": 1240974,
  "avg_pace": 634.0360977954501,
  "best_pace": 205.5664626400277,
  "avg_heart_rate": 126.16168421052635,
  "streak": 1
}