{
  "total_activities": 345,
  "total_distance": 1303.7576999999992,
  "total_time": 813679,
  "avg_pace": 624.1029295550857,
  "best_pace": 205.5664626400277,
  "avg_heart_rate": 125.81346153846162,
  "streak": 0
}