{
  "total_activities": 109,
  "total_distance": 366.0042000000001,
  "total_time": 275405,
  "avg_pace": 752.4640427623507,
  "best_pace": 263.17288521788663,
  "avg_heart_rate": 115.44862385321105,
  "streak": 3
}