{
  "total_activities": 383,
  "total_distance": 1484.7597999999994,
  "total_time": 916547,
  "avg_pace": 617.3032163182222,
  "best_pace": 205.5664626400277,
  "avg_heart_rate": 125.53600000000006,
  "streak": 1
}