{
  "total_activities": 72,
  "total_distance": 256.97239999999994,
  "total_time": 198462,
  "avg_pace": 772.3086214706328,
  "best_pace": 263.17288521788663,
  "avg_heart_rate": 121.05694444444453,
  "streak": 0
}