{
  "total_activities": 490,
  "total_distance": 1894.4172999999987,
  "total_time": 1196471,
  "avg_pace": 631.5773193160773,
  "best_pace": 205.5664626400277,
  "avg_heart_rate": 126.30328227571115,
  "streak": 1
}