{
  "total_activities": 488,
  "total_distance": 1882.1432999999986,
  "total_time": 1191770,
  "avg_pace": 633.198332985592,
  "best_pace": 205.5664626400277,
  "avg_heart_rate": 126.1643956043956,
  "streak": 2
}