{
  "total_activities": 114,
  "total_distance": 384.18210000000005,
  "total_time": 287395,
  "avg_pace": 748.0697304741683,
  "best_pace": 263.17288521788663,
  "avg_heart_rate": 115.07982456140354,
  "streak": 7
}