{
  "total_activities": 460,
  "total_distance": 1785.851899999999,
  "total_time": 1113002,
  "avg_pace": 623.2330911650628,
  "best_pace": 205.5664626400277,
  "avg_heart_rate": 126.1091334894613,
  "streak": 1
}