{
  "total_activities": 351,
  "total_distance": 1340.5385999999994,
  "total_time": 832358,
  "avg_pace": 620.9131165637456,
  "best_pace": 205.5664626400277,
  "avg_heart_rate": 126.1528301886793,
  "streak": 0
}