{
  "total_activities": 40,
  "total_distance": 137.32030000000003,
  "total_time": 112541,
  "avg_pace": 819.5510787552895,
  "best_pace": 263.17288521788663,
  "avg_heart_rate": 131.94499999999996,
  "streak": 2
}