{
  "total_activities": 174,
  "total_distance": 772.0984000000001,
  "total_time": 436750,
  "avg_pace": 565.6662415049688,
  "best_pace": 205.5664626400277,
  "avg_heart_rate": 127.68965517241375,
  "streak": 1
}