{
  "total_activities": 69,
  "total_distance": 244.3773,
  "total_time": 188480,
  "avg_pace": 771.2663983111361,
  "best_pace": 263.17288521788663,
  "avg_heart_rate": 122.07681159420297,
  "streak": 1
}