{
  "total_activities": 341,
  "total_distance": 1288.3891999999994,
  "total_time": 803355,
  "avg_pace": 623.534410254293,
  "best_pace": 205.5664626400277,
  "avg_heart_rate": 125.76331168831176,
  "streak": 0
}