{
  "total_activities": 76,
  "total_distance": 266.0803999999999,
  "total_time": 205920,
  "avg_pace": 773.901422276876,
  "best_pace": 263.17288521788663,
  "avg_heart_rate": 119.70789473684216,
  "streak": 0
}