{
  "total_activities": 492,
  "total_distance": 1896.6105999999986,
  "total_time": 1201098,
  "avg_pace": 633.2865586641775,
  "best_pace": 205.5664626400277,
  "avg_heart_rate": 126.37864923747277,
  "streak": 0
}