{
  "total_activities": 192,
  "total_distance": 846.3617999999999,
  "total_time": 479317,
  "avg_pace": 566.3263630281991,
  "best_pace": 205.5664626400277,
  "avg_heart_rate": 128.06093749999994,
  "streak": 3
}