{
  "total_activities": 285,
  "total_distance": 1269.7672999999993,
  "total_time": 715688,
  "avg_pace": 563.6371325675187,
  "best_pace": 205.5664626400277,
  "avg_heart_rate": 126.9603508771929,
  "streak": 1
}