{
  "total_activities": 266,
  "total_distance": 1171.7337999999993,
  "total_time": 668519,
  "avg_pace": 570.5382912057332,
  "best_pace": 205.5664626400277,
  "avg_heart_rate": 126.69511278195478,
  "streak": 5
}