{
  "total_activities": 115,
  "total_distance": 386.77420000000006,
  "total_time": 289529,
  "avg_pace": 748.5737156201213,
  "best_pace": 263.17288521788663,
  "avg_heart_rate": 114.89478260869569,
  "streak": 0
}