{
  "total_activities": 461,
  "total_distance": 1791.790299999999,
  "total_time": 1115707,
  "avg_pace": 622.6772184222677,
  "best_pace": 205.5664626400277,
  "avg_heart_rate": 126.14859813084107,
  "streak": 2
}