{
  "total_activities": 379,
  "total_distance": 1460.1538999999993,
  "total_time": 904975,
  "avg_pace": 619.7805587479514,
  "best_pace": 205.5664626400277,
  "avg_heart_rate": 125.3552023121388,
  "streak": 0
}