{
  "total_activities": 3,
  "total_distance": 11.8483,
  "total_time": 8946,
  "avg_pace": 755.0450275566959,
  "best_pace": 457.1859554528532,
  "avg_heart_rate": 138.86666666666665,
  "streak": 0
}