{
  "total_activities": 560,
  "total_distance": 2120.8086999999987,
  "total_time": 1360357,
  "avg_pace": 641.4331476478765,
  "best_pace": 205.5664626400277,
  "avg_heart_rate": 123.84117647058835,
  "streak": 2
}