{
  "total_activities": 55,
  "total_distance": 194.94809999999998,
  "total_time": 149909,
  "avg_pace": 768.9687665588945,
  "best_pace": 263.17288521788663,
  "avg_heart_rate": 128.1890909090909,
  "streak": 1
}