{
  "total_activities": 333,
  "total_distance": 1249.5597999999995,
  "total_time": 782503,
  "avg_pace": 626.222930667264,
  "best_pace": 205.5664626400277,
  "avg_heart_rate": 125.66100000000003,
  "streak": 0
}