{
  "total_activities": 208,
  "total_distance": 928.0372999999998,
  "total_time": 522991,
  "avg_pace": 563.5452368132187,
  "best_pace": 205.5664626400277,
  "avg_heart_rate": 128.6774038461538,
  "streak": 1
}