{
  "total_activities": 303,
  "total_distance": 1329.0055999999995,
  "total_time": 761505,
  "avg_pace": 572.9885562558956,
  "best_pace": 205.5664626400277,
  "avg_heart_rate": 127.31848184818465,
  "streak": 1
}