{
  "total_activities": 309,
  "total_distance": 1343.4505999999994,
  "total_time": 779035,
  "avg_pace": 579.8761785509645,
  "best_pace": 205.5664626400277,
  "avg_heart_rate": 127.44724919093836,
  "streak": 0
}