{
  "total_activities": 437,
  "total_distance": 1727.8941999999993,
  "total_time": 1049169,
  "avg_pace": 607.1951627593868,
  "best_pace": 205.5664626400277,
  "avg_heart_rate": 125.82128712871284,
  "streak": 1
}