{
  "total_activities": 17,
  "total_distance": 60.3606,
  "total_time": 49380,
  "avg_pace": 818.0833192512997,
  "best_pace": 449.2506811989101,
  "avg_heart_rate": 139.48235294117643,
  "streak": 1
}