{
  "total_activities": 547,
  "total_distance": 2076.7102999999984,
  "total_time": 1330113,
  "avg_pace": 640.4903948326356,
  "best_pace": 205.5664626400277,
  "avg_heart_rate": 124.35972762645926,
  "streak": 0
}