{
  "total_activities": 551,
  "total_distance": 2087.7843999999986,
  "total_time": 1336369,
  "avg_pace": 640.0895609719092,
  "best_pace": 205.5664626400277,
  "avg_heart_rate": 124.27586872586886,
  "streak": 11
}