{
  "total_activities": 568,
  "total_distance": 2149.0868999999993,
  "total_time": 1380594,
  "avg_pace": 642.4095740381649,
  "best_pace": 205.5664626400277,
  "avg_heart_rate": 123.531401869159,
  "streak": 0
}