{
  "total_activities": 352,
  "total_distance": 1346.899399999999,
  "total_time": 835021,
  "avg_pace": 619.9579567709367,
  "best_pace": 205.5664626400277,
  "avg_heart_rate": 126.20721003134805,
  "streak": 0
}