{
  "total_activities": 400,
  "total_distance": 1555.9765999999995,
  "total_time": 959286,
  "avg_pace": 616.516983610165,
  "best_pace": 205.5664626400277,
  "avg_heart_rate": 125.38910081743875,
  "streak": 1
}