{
  "total_activities": 199,
  "total_distance": 879.2092999999998,
  "total_time": 496806,
  "avg_pace": 565.0599919723326,
  "best_pace": 205.5664626400277,
  "avg_heart_rate": 128.26432160804015,
  "streak": 2
}