{
  "total_activities": 439,
  "total_distance": 1737.8449999999991,
  "total_time": 1054998,
  "avg_pace": 607.0725525003671,
  "best_pace": 205.5664626400277,
  "avg_heart_rate": 125.90073891625613,
  "streak": 2
}