{
  "total_activities": 411,
  "total_distance": 1592.718299999999,
  "total_time": 981778,
  "avg_pace": 616.4166004747987,
  "best_pace": 205.5664626400277,
  "avg_heart_rate": 125.10846560846561,
  "streak": 1
}