{
  "total_activities": 449,
  "total_distance": 1753.4536999999991,
  "total_time": 1079043,
  "avg_pace": 615.3815182003383,
  "best_pace": 205.5664626400277,
  "avg_heart_rate": 125.78774038461532,
  "streak": 2
}