{
  "total_activities": 401,
  "total_distance": 1561.6685999999993,
  "total_time": 961837,
  "avg_pace": 615.9033997353858,
  "best_pace": 205.5664626400277,
  "avg_heart_rate": 125.41739130434789,
  "streak": 1
}