{
  "total_activities": 489,
  "total_distance": 1888.2869999999987,
  "total_time": 1194057,
  "avg_pace": 632.3493197803093,
  "best_pace": 205.5664626400277,
  "avg_heart_rate": 126.23333333333332,
  "streak": 3
}