{
  "total_activities": 261,
  "total_distance": 1153.9576999999997,
  "total_time": 658021,
  "avg_pace": 570.2297406568717,
  "best_pace": 205.5664626400277,
  "avg_heart_rate": 126.96628352490417,
  "streak": 1
}