{
  "total_activities": 182,
  "total_distance": 794.5958999999999,
  "total_time": 452975,
  "avg_pace": 570.0696416883098,
  "best_pace": 205.5664626400277,
  "avg_heart_rate": 127.56373626373619,
  "streak": 0
}