{
  "total_activities": 406,
  "total_distance": 1578.4691999999993,
  "total_time": 972691,
  "avg_pace": 616.2242506854112,
  "best_pace": 205.5664626400277,
  "avg_heart_rate": 125.3967828418231,
  "streak": 2
}