{
  "total_activities": 548,
  "total_distance": 2081.8869999999984,
  "total_time": 1332157,
  "avg_pace": 639.8795900065667,
  "best_pace": 205.5664626400277,
  "avg_heart_rate": 124.4128155339807,
  "streak": 10
}