{
  "total_activities": 546,
  "total_distance": 2074.5394999999985,
  "total_time": 1328745,
  "avg_pace": 640.501181105494,
  "best_pace": 205.5664626400277,
  "avg_heart_rate": 124.39980506822623,
  "streak": 9
}