{
  "total_activities": 99,
  "total_distance": 328.1934999999999,
  "total_time": 247750,
  "avg_pace": 754.8900267677454,
  "best_pace": 263.17288521788663,
  "avg_heart_rate": 117.09393939393946,
  "streak": 0
}