{
  "total_activities": 453,
  "total_distance": 1762.312699999999,
  "total_time": 1091065,
  "avg_pace": 619.1097641184795,
  "best_pace": 205.5664626400277,
  "avg_heart_rate": 125.89619047619043,
  "streak": 1
}