{
  "total_activities": 427,
  "total_distance": 1679.922899999999,
  "total_time": 1023213,
  "avg_pace": 609.0833097161784,
  "best_pace": 205.5664626400277,
  "avg_heart_rate": 125.48959390862944,
  "streak": 3
}