{
  "total_activities": 393,
  "total_distance": 1520.3690999999994,
  "total_time": 940326,
  "avg_pace": 618.485340171673,
  "best_pace": 205.5664626400277,
  "avg_heart_rate": 125.40166666666673,
  "streak": 0
}