{
  "total_activities": 296,
  "total_distance": 1105.3218000000002,
  "total_time": 700009,
  "avg_pace": 633.3078746840964,
  "best_pace": 205.5664626400277,
  "avg_heart_rate": 125.23726235741445,
  "streak": 0
}