{
  "total_activities": 358,
  "total_distance": 1372.2473999999997,
  "total_time": 851536,
  "avg_pace": 620.5411648074539,
  "best_pace": 205.5664626400277,
  "avg_heart_rate": 125.94984615384621,
  "streak": 1
}