{
  "total_activities": 77,
  "total_distance": 270.0279999999999,
  "total_time": 208418,
  "avg_pace": 771.8384760098955,
  "best_pace": 263.17288521788663,
  "avg_heart_rate": 119.47402597402605,
  "streak": 2
}