{
  "total_activities": 39,
  "total_distance": 134.2979,
  "total_time": 110033,
  "avg_pace": 819.3203318890318,
  "best_pace": 263.17288521788663,
  "avg_heart_rate": 131.57435897435894,
  "streak": 1
}