{
  "total_activities": 175,
  "total_distance": 776.0710000000001,
  "total_time": 440111,
  "avg_pace": 567.1014636547428,
  "best_pace": 205.5664626400277,
  "avg_heart_rate": 127.47314285714282,
  "streak": 1
}