{
  "total_activities": 487,
  "total_distance": 1875.9519999999986,
  "total_time": 1185736,
  "avg_pace": 632.0716095081328,
  "best_pace": 205.5664626400277,
  "avg_heart_rate": 126.25837004405285,
  "streak": 1
}