{
  "total_activities": 176,
  "total_distance": 782.4656000000001,
  "total_time": 442650,
  "avg_pace": 565.7117705877421,
  "best_pace": 205.5664626400277,
  "avg_heart_rate": 127.57272727272722,
  "streak": 1
}