{
  "total_activities": 221,
  "total_distance": 986.4444999999998,
  "total_time": 557770,
  "avg_pace": 565.4347507639812,
  "best_pace": 205.5664626400277,
  "avg_heart_rate": 127.93484162895923,
  "streak": 0
}