{
  "total_activities": 144,
  "total_distance": 418.86210000000005,
  "total_time": 312030,
  "avg_pace": 744.9468452743754,
  "best_pace": 382.345393892738,
  "avg_heart_rate": 121.57837837837835,
  "streak": 0
}