{
  "total_activities": 513,
  "total_distance": 1978.679699999998,
  "total_time": 1258517,
  "avg_pace": 636.0387686799442,
  "best_pace": 205.5664626400277,
  "avg_heart_rate": 125.84916666666673,
  "streak": 0
}