{
  "total_activities": 339,
  "total_distance": 1275.9355999999996,
  "total_time": 798118,
  "avg_pace": 625.5158959433378,
  "best_pace": 205.5664626400277,
  "avg_heart_rate": 125.63758169934644,
  "streak": 1
}