{
  "total_activities": 293,
  "total_distance": 1309.0320999999997,
  "total_time": 737139,
  "avg_pace": 563.1175889422423,
  "best_pace": 205.5664626400277,
  "avg_heart_rate": 127.4286689419794,
  "streak": 0
}