{
  "total_activities": 278,
  "total_distance": 1231.2670999999996,
  "total_time": 697588,
  "avg_pace": 566.5610654260154,
  "best_pace": 205.5664626400277,
  "avg_heart_rate": 126.76654676258984,
  "streak": 0
}