{
  "total_activities": 476,
  "total_distance": 1837.823999999999,
  "total_time": 1155243,
  "avg_pace": 628.5928358754705,
  "best_pace": 205.5664626400277,
  "avg_heart_rate": 126.5180586907449,
  "streak": 1
}