{
  "total_activities": 191,
  "total_distance": 842.8036999999999,
  "total_time": 476068,
  "avg_pace": 564.8622567746203,
  "best_pace": 205.5664626400277,
  "avg_heart_rate": 127.9712041884816,
  "streak": 0
}