{
  "total_activities": 381,
  "total_distance": 1474.4933999999994,
  "total_time": 911726,
  "avg_pace": 618.3316927698695,
  "best_pace": 205.5664626400277,
  "avg_heart_rate": 125.44367816091963,
  "streak": 4
}