{
  "total_activities": 343,
  "total_distance": 1298.0713999999991,
  "total_time": 808836,
  "avg_pace": 623.1059400892744,
  "best_pace": 205.5664626400277,
  "avg_heart_rate": 125.87032258064522,
  "streak": 2
}