{
  "total_activities": 531,
  "total_distance": 2034.6406999999986,
  "total_time": 1301373,
  "avg_pace": 639.6082610556257,
  "best_pace": 205.5664626400277,
  "avg_heart_rate": 124.84337349397597,
  "streak": 1
}