{
  "total_activities": 63,
  "total_distance": 226.99269999999999,
  "total_time": 175482,
  "avg_pace": 773.073319097927,
  "best_pace": 263.17288521788663,
  "avg_heart_rate": 124.40793650793655,
  "streak": 2
}