{
  "total_activities": 184,
  "total_distance": 803.9698999999998,
  "total_time": 458328,
  "avg_pace": 570.0810440788891,
  "best_pace": 205.5664626400277,
  "avg_heart_rate": 127.6755434782608,
  "streak": 2
}