{
  "total_activities": 371,
  "total_distance": 1425.0809999999994,
  "total_time": 883162,
  "avg_pace": 619.7275803971846,
  "best_pace": 205.5664626400277,
  "avg_heart_rate": 125.47071005917165,
  "streak": 0
}