{
  "total_activities": 385,
  "total_distance": 1487.8406999999993,
  "total_time": 921074,
  "avg_pace": 619.0676192686492,
  "best_pace": 205.5664626400277,
  "avg_heart_rate": 125.45625000000008,
  "streak": 2
}