{
  "total_activities": 447,
  "total_distance": 1747.867699999999,
  "total_time": 1073535,
  "avg_pace": 614.1969440822097,
  "best_pace": 205.5664626400277,
  "avg_heart_rate": 125.77946859903376,
  "streak": 1
}