{
  "total_activities": 112,
  "total_distance": 376.21630000000005,
  "total_time": 282971,
  "avg_pace": 752.1497606563032,
  "best_pace": 263.17288521788663,
  "avg_heart_rate": 114.94553571428574,
  "streak": 5
}