{
  "total_activities": 195,
  "total_distance": 857.0734999999999,
  "total_time": 486088,
  "avg_pace": 567.1485584375204,
  "best_pace": 205.5664626400277,
  "avg_heart_rate": 127.94820512820505,
  "streak": 1
}