{
  "total_activities": 148,
  "total_distance": 669.8883000000001,
  "total_time": 378852,
  "avg_pace": 565.5450319105438,
  "best_pace": 205.5664626400277,
  "avg_heart_rate": 128.30337837837837,
  "streak": 0
}