{
  "total_activities": 295,
  "total_distance": 1100.0342000000005,
  "total_time": 697862,
  "avg_pace": 634.4002759186939,
  "best_pace": 205.5664626400277,
  "avg_heart_rate": 125.19389312977097,
  "streak": 1
}