{
  "total_activities": 255,
  "total_distance": 1131.0464999999997,
  "total_time": 644470,
  "avg_pace": 569.7997385607048,
  "best_pace": 205.5664626400277,
  "avg_heart_rate": 126.99921568627447,
  "streak": 0
}