{
  "total_activities": 214,
  "total_distance": 953.3852999999999,
  "total_time": 539506,
  "avg_pace": 565.8845379722134,
  "best_pace": 205.5664626400277,
  "avg_heart_rate": 128.2172897196261,
  "streak": 1
}