{
  "total_activities": 496,
  "total_distance": 1907.3051999999989,
  "total_time": 1208983,
  "avg_pace": 633.8697131429205,
  "best_pace": 205.5664626400277,
  "avg_heart_rate": 126.24038876889851,
  "streak": 1
}