{
  "total_activities": 353,
  "total_distance": 1350.8813999999993,
  "total_time": 838564,
  "avg_pace": 620.7532356282353,
  "best_pace": 205.5664626400277,
  "avg_heart_rate": 126.09687500000007,
  "streak": 2
}