{
  "total_activities": 563,
  "total_distance": 2132.451599999999,
  "total_time": 1369744,
  "avg_pace": 642.3329842515537,
  "best_pace": 205.5664626400277,
  "avg_heart_rate": 123.68320754716993,
  "streak": 0
}