{
  "total_activities": 324,
  "total_distance": 1210.4905999999999,
  "total_time": 761635,
  "avg_pace": 629.1953031275089,
  "best_pace": 205.5664626400277,
  "avg_heart_rate": 125.29278350515466,
  "streak": 0
}