{
  "total_activities": 93,
  "total_distance": 312.2267999999999,
  "total_time": 237680,
  "avg_pace": 761.2415077757581,
  "best_pace": 263.17288521788663,
  "avg_heart_rate": 117.64193548387104,
  "streak": 0
}