{
  "total_activities": 299,
  "total_distance": 1119.7878000000003,
  "total_time": 707171,
  "avg_pace": 631.5223294984995,
  "best_pace": 205.5664626400277,
  "avg_heart_rate": 125.15037593984965,
  "streak": 0
}