{
  "total_activities": 528,
  "total_distance": 2025.7523999999985,
  "total_time": 1294814,
  "avg_pace": 639.1768312850085,
  "best_pace": 205.5664626400277,
  "avg_heart_rate": 125.01757575757584,
  "streak": 1
}