{
  "total_activities": 171,
  "total_distance": 754.475,
  "total_time": 427128,
  "avg_pace": 566.1261141853606,
  "best_pace": 205.5664626400277,
  "avg_heart_rate": 127.412865497076,
  "streak": 0
}