{
  "total_activities": 378,
  "total_distance": 1454.3493999999994,
  "total_time": 900763,
  "avg_pace": 619.3580442223858,
  "best_pace": 205.5664626400277,
  "avg_heart_rate": 125.43942028985514,
  "streak": 2
}