{
  "total_activities": 254,
  "total_distance": 963.5096000000002,
  "total_time": 600770,
  "avg_pace": 623.5225886695887,
  "best_pace": 350.682261208577,
  "avg_heart_rate": 125.70316742081454,
  "streak": 0
}