{
  "total_activities": 477,
  "total_distance": 1841.361299999999,
  "total_time": 1158209,
  "avg_pace": 628.9960585138836,
  "best_pace": 205.5664626400277,
  "avg_heart_rate": 126.5734234234234,
  "streak": 0
}