{
  "total_activities": 45,
  "total_distance": 156.5757,
  "total_time": 124473,
  "avg_pace": 794.9701007244419,
  "best_pace": 263.17288521788663,
  "avg_heart_rate": 129.56666666666663,
  "streak": 1
}