{
  "total_activities": 207,
  "total_distance": 921.6764999999999,
  "total_time": 520328,
  "avg_pace": 564.5451522307447,
  "best_pace": 205.5664626400277,
  "avg_heart_rate": 128.6057971014492,
  "streak": 1
}