{
  "total_activities": 75,
  "total_distance": 263.4396999999999,
  "total_time": 203749,
  "avg_pace": 773.4179776244813,
  "best_pace": 263.17288521788663,
  "avg_heart_rate": 120.0973333333334,
  "streak": 1
}