{
  "total_activities": 320,
  "total_distance": 1201.3277,
  "total_time": 754680,
  "avg_pace": 628.2049435803403,
  "best_pace": 205.5664626400277,
  "avg_heart_rate": 125.2543554006969,
  "streak": 1
}