{
  "total_activities": 41,
  "total_distance": 140.27800000000002,
  "total_time": 114914,
  "avg_pace": 819.1876131681374,
  "best_pace": 263.17288521788663,
  "avg_heart_rate": 131.23170731707316,
  "streak": 3
}