{
  "total_activities": 206,
  "total_distance": 915.0184,
  "total_time": 517586,
  "avg_pace": 565.6563846147793,
  "best_pace": 205.5664626400277,
  "avg_heart_rate": 128.50533980582517,
  "streak": 0
}