{
  "total_activities": 554,
  "total_distance": 2098.3028999999983,
  "total_time": 1343654,
  "avg_pace": 640.3527345837443,
  "best_pace": 205.5664626400277,
  "avg_heart_rate": 124.12437619961624,
  "streak": 0
}