{
  "total_activities": 14,
  "total_distance": 52.5711,
  "total_time": 43123,
  "avg_pace": 820.2795832691345,
  "best_pace": 451.2622962096719,
  "avg_heart_rate": 138.0,
  "streak": 1
}