{
  "total_activities": 396,
  "total_distance": 1533.2783999999995,
  "total_time": 949546,
  "avg_pace": 619.2913172193649,
  "best_pace": 205.5664626400277,
  "avg_heart_rate": 125.23526170798903,
  "streak": 1
}