{
  "total_activities": 346,
  "total_distance": 1310.889799999999,
  "total_time": 816758,
  "avg_pace": 623.0561867214167,
  "best_pace": 205.5664626400277,
  "avg_heart_rate": 125.86741214057515,
  "streak": 1
}