{
  "total_activities": 309,
  "total_distance": 1148.9004,
  "total_time": 725660,
  "avg_pace": 631.6126271694221,
  "best_pace": 205.5664626400277,
  "avg_heart_rate": 125.11123188405801,
  "streak": 1
}