{
  "total_activities": 218,
  "total_distance": 973.2458999999998,
  "total_time": 549649,
  "avg_pace": 564.7586082818331,
  "best_pace": 205.5664626400277,
  "avg_heart_rate": 128.26467889908253,
  "streak": 2
}