{
  "total_activities": 298,
  "total_distance": 1118.3818000000003,
  "total_time": 705935,
  "avg_pace": 631.211094458082,
  "best_pace": 205.5664626400277,
  "avg_heart_rate": 125.24830188679249,
  "streak": 0
}