{
  "total_activities": 30,
  "total_distance": 99.517,
  "total_time": 80674,
  "avg_pace": 810.6554659002985,
  "best_pace": 263.17288521788663,
  "avg_heart_rate": 133.4533333333333,
  "streak": 0
}