{
  "total_activities": 183,
  "total_distance": 800.8151999999999,
  "total_time": 455510,
  "avg_pace": 568.8078847654241,
  "best_pace": 205.5664626400277,
  "avg_heart_rate": 127.64316939890703,
  "streak": 1
}