{
  "total_activities": 198,
  "total_distance": 872.8106999999999,
  "total_time": 494054,
  "avg_pace": 566.0494308788836,
  "best_pace": 205.5664626400277,
  "avg_heart_rate": 128.17525252525246,
  "streak": 1
}