{
  "total_activities": 504,
  "total_distance": 1942.5154999999986,
  "total_time": 1230150,
  "avg_pace": 633.2768001079017,
  "best_pace": 205.5664626400277,
  "avg_heart_rate": 126.3354564755839,
  "streak": 0
}