{
  "total_activities": 464,
  "total_distance": 1799.7880999999988,
  "total_time": 1125886,
  "avg_pace": 625.5658652260234,
  "best_pace": 205.5664626400277,
  "avg_heart_rate": 126.10835266821339,
  "streak": 1
}