{
  "total_activities": 525,
  "total_distance": 2019.2850999999985,
  "total_time": 1289527,
  "avg_pace": 638.6057124870584,
  "best_pace": 205.5664626400277,
  "avg_heart_rate": 125.18800813008139,
  "streak": 0
}