{
  "total_activities": 485,
  "total_distance": 1864.9723999999987,
  "total_time": 1177508,
  "avg_pace": 631.3809255300512,
  "best_pace": 205.5664626400277,
  "avg_heart_rate": 126.41681415929202,
  "streak": 0
}