{
  "total_activities": 34,
  "total_distance": 113.6393,
  "total_time": 94671,
  "avg_pace": 833.0832731282223,
  "best_pace": 263.17288521788663,
  "avg_heart_rate": 130.73235294117643,
  "streak": 1
}