{
  "total_activities": 315,
  "total_distance": 1173.3371000000002,
  "total_time": 739158,
  "avg_pace": 629.9621822236763,
  "best_pace": 205.5664626400277,
  "avg_heart_rate": 125.11631205673766,
  "streak": 0
}