{
  "total_activities": 211,
  "total_distance": 942.0876999999998,
  "total_time": 532686,
  "avg_pace": 565.4314348865823,
  "best_pace": 205.5664626400277,
  "avg_heart_rate": 128.61374407582932,
  "streak": 3
}