{
  "total_activities": 60,
  "total_distance": 216.36699999999996,
  "total_time": 167452,
  "avg_pace": 773.9257835067272,
  "best_pace": 263.17288521788663,
  "avg_heart_rate": 125.52000000000004,
  "streak": 3
}