{
  "total_activities": 368,
  "total_distance": 1418.7031999999995,
  "total_time": 876622,
  "avg_pace": 617.9037306746051,
  "best_pace": 205.5664626400277,
  "avg_heart_rate": 125.76208955223886,
  "streak": 6
}