{
  "total_activities": 348,
  "total_distance": 1322.2254999999993,
  "total_time": 823276,
  "avg_pace": 622.6441707560476,
  "best_pace": 205.5664626400277,
  "avg_heart_rate": 125.96095238095243,
  "streak": 3
}