{
  "total_activities": 202,
  "total_distance": 892.0276999999999,
  "total_time": 504728,
  "avg_pace": 565.8209941238373,
  "best_pace": 205.5664626400277,
  "avg_heart_rate": 128.2242574257425,
  "streak": 0
}