{
  "total_activities": 502,
  "total_distance": 1937.6481999999985,
  "total_time": 1226455,
  "avg_pace": 632.9606168962978,
  "best_pace": 205.5664626400277,
  "avg_heart_rate": 126.43688699360345,
  "streak": 2
}