{
  "total_activities": 429,
  "total_distance": 1688.629399999999,
  "total_time": 1027718,
  "avg_pace": 608.6107466801186,
  "best_pace": 205.5664626400277,
  "avg_heart_rate": 125.45176767676769,
  "streak": 1
}