{
  "total_activities": 237,
  "total_distance": 1055.6312999999998,
  "total_time": 599696,
  "avg_pace": 568.0922875250101,
  "best_pace": 205.5664626400277,
  "avg_heart_rate": 127.25400843881854,
  "streak": 4
}