{
  "total_activities": 286,
  "total_distance": 1275.6900999999993,
  "total_time": 718395,
  "avg_pace": 563.1422553173379,
  "best_pace": 205.5664626400277,
  "avg_heart_rate": 127.0318181818181,
  "streak": 0
}