{
  "total_activities": 543,
  "total_distance": 2067.4328999999984,
  "total_time": 1323632,
  "avg_pace": 640.2297264399734,
  "best_pace": 205.5664626400277,
  "avg_heart_rate": 124.42294117647069,
  "streak": 0
}