{
  "total_activities": 331,
  "total_distance": 1240.8610999999996,
  "total_time": 777511,
  "avg_pace": 626.5898737578285,
  "best_pace": 205.5664626400277,
  "avg_heart_rate": 125.57013422818795,
  "streak": 3
}