{
  "total_activities": 226,
  "total_distance": 1002.6001999999999,
  "total_time": 568271,
  "avg_pace": 566.7972138844577,
  "best_pace": 205.5664626400277,
  "avg_heart_rate": 127.57123893805306,
  "streak": 1
}