{
  "total_activities": 249,
  "total_distance": 1101.5069999999998,
  "total_time": 628296,
  "avg_pace": 570.396738286729,
  "best_pace": 205.5664626400277,
  "avg_heart_rate": 127.1060240963855,
  "streak": 0
}