{
  "total_activities": 193,
  "total_distance": 852.3792,
  "total_time": 481822,
  "avg_pace": 565.2671956331174,
  "best_pace": 205.5664626400277,
  "avg_heart_rate": 128.13471502590667,
  "streak": 4
}