{
  "total_activities": 180,
  "total_distance": 791.6285,
  "total_time": 449605,
  "avg_pace": 567.9494864068183,
  "best_pace": 205.5664626400277,
  "avg_heart_rate": 127.58333333333327,
  "streak": 0
}