{
  "total_activities": 37,
  "total_distance": 132.1046,
  "total_time": 105406,
  "avg_pace": 797.898029288912,
  "best_pace": 263.17288521788663,
  "avg_heart_rate": 130.9243243243243,
  "streak": 1
}