{
  "total_activities": 173,
  "total_distance": 768.6384000000002,
  "total_time": 433973,
  "avg_pace": 564.5996869269086,
  "best_pace": 205.5664626400277,
  "avg_heart_rate": 127.60346820809245,
  "streak": 1
}