{
  "total_activities": 280,
  "total_distance": 1242.9881999999996,
  "total_time": 702877,
  "avg_pace": 565.4735901756752,
  "best_pace": 205.5664626400277,
  "avg_heart_rate": 126.87321428571424,
  "streak": 1
}