{
  "total_activities": 185,
  "total_distance": 809.8992999999998,
  "total_time": 460621,
  "avg_pace": 568.7386073799546,
  "best_pace": 205.5664626400277,
  "avg_heart_rate": 127.80810810810804,
  "streak": 0
}