{
  "total_activities": 544,
  "total_distance": 2069.5907999999986,
  "total_time": 1325250,
  "avg_pace": 640.3439752438022,
  "best_pace": 205.5664626400277,
  "avg_heart_rate": 124.41682974559697,
  "streak": 8
}