{
  "total_activities": 257,
  "total_distance": 1142.8064999999997,
  "total_time": 649807,
  "avg_pace": 568.6063213676158,
  "best_pace": 205.5664626400277,
  "avg_heart_rate": 127.07548638132292,
  "streak": 1
}