{
  "total_activities": 200,
  "total_distance": 882.8555999999998,
  "total_time": 500036,
  "avg_pace": 566.3848085689212,
  "best_pace": 205.5664626400277,
  "avg_heart_rate": 128.32449999999994,
  "streak": 3
}