{
  "total_activities": 231,
  "total_distance": 1023.9668999999998,
  "total_time": 581697,
  "avg_pace": 568.0818393641437,
  "best_pace": 205.5664626400277,
  "avg_heart_rate": 127.14502164502163,
  "streak": 0
}