{
  "total_activities": 252,
  "total_distance": 1114.4162999999999,
  "total_time": 637516,
  "avg_pace": 572.0627022415233,
  "best_pace": 205.5664626400277,
  "avg_heart_rate": 126.8460317460317,
  "streak": 0
}