{
  "total_activities": 433,
  "total_distance": 1712.592699999999,
  "total_time": 1038673,
  "avg_pace": 606.4915493333591,
  "best_pace": 205.5664626400277,
  "avg_heart_rate": 125.64474999999999,
  "streak": 3
}