{
  "total_activities": 213,
  "total_distance": 950.2012999999998,
  "total_time": 536895,
  "avg_pace": 565.0329040804302,
  "best_pace": 205.5664626400277,
  "avg_heart_rate": 128.44178403755862,
  "streak": 0
}