{
  "total_activities": 23,
  "total_distance": 75.5113,
  "total_time": 64178,
  "avg_pace": 849.9125296478804,
  "best_pace": 449.2506811989101,
  "avg_heart_rate": 137.8739130434782,
  "streak": 0
}