{
  "total_activities": 274,
  "total_distance": 1210.9782999999993,
  "total_time": 687487,
  "avg_pace": 567.7120721320939,
  "best_pace": 205.5664626400277,
  "avg_heart_rate": 126.769708029197,
  "streak": 4
}